Date,p_change,indicator
2020-03-13 00:00:00+05:30,14.666663275824654,1
2020-03-16 00:00:00+05:30,-0.19999694824218184,0
2020-03-17 00:00:00+05:30,-0.6185551279598845,0
2020-03-18 00:00:00+05:30,-5.646817159996314,-1
2020-03-19 00:00:00+05:30,-7.675438853328731,-1
2020-03-20 00:00:00+05:30,2.0190078850973303,0
2020-03-23 00:00:00+05:30,-18.095234462193073,-1
2020-03-24 00:00:00+05:30,-5.13513925913219,-1
2020-03-25 00:00:00+05:30,3.047893218597876,1
2020-03-26 00:00:00+05:30,8.472220102945958,1
2020-03-27 00:00:00+05:30,-3.690474373953681,-1
2020-03-30 00:00:00+05:30,-2.506265568314333,0
2020-03-31 00:00:00+05:30,-1.932374449932679,0
2020-04-01 00:00:00+05:30,0.24999618530273474,0
2020-04-03 00:00:00+05:30,-7.92541120034203,-1
2020-04-07 00:00:00+05:30,-1.463410912490477,0
2020-04-08 00:00:00+05:30,4.049083499089347,1
2020-04-09 00:00:00+05:30,3.762831432828187,1
2020-04-13 00:00:00+05:30,-3.06346061817628,-1
2020-04-15 00:00:00+05:30,0.8888922797309194,0
2020-04-16 00:00:00+05:30,1.8367378079161378,0
2020-04-17 00:00:00+05:30,-3.835613651362732,-1
2020-04-20 00:00:00+05:30,-3.916213963792748,-1
2020-04-21 00:00:00+05:30,-3.5645515114212163,-1
2020-04-22 00:00:00+05:30,5.378487493834366,1
2020-04-23 00:00:00+05:30,-2.811621448738398,0
2020-04-24 00:00:00+05:30,-3.5019513586036397,-1
2020-04-27 00:00:00+05:30,-1.002003977376037,0
2020-04-28 00:00:00+05:30,-1.8000030517578185,0
2020-04-29 00:00:00+05:30,3.0364371531733743,1
2020-04-30 00:00:00+05:30,-0.29069324732029816,0
2020-05-04 00:00:00+05:30,-3.448275862068955,-1
2020-05-05 00:00:00+05:30,-1.9191934604837324,0
2020-05-06 00:00:00+05:30,-1.2473981146671012,0
2020-05-07 00:00:00+05:30,9.004237142591338,1
2020-05-08 00:00:00+05:30,3.3492822966507143,1
2020-05-11 00:00:00+05:30,-4.587155963302749,-1
2020-05-12 00:00:00+05:30,-2.027025584026126,0
2020-05-13 00:00:00+05:30,-2.712817104288675,0
2020-05-14 00:00:00+05:30,-3.5645515114212163,-1
2020-05-15 00:00:00+05:30,0.30000305175780756,0
2020-05-18 00:00:00+05:30,-3.788637025062603,-1
2020-05-19 00:00:00+05:30,-2.1428555858378444,0
2020-05-20 00:00:00+05:30,0.0,0
2020-05-21 00:00:00+05:30,1.6326515042051903,0
2020-05-22 00:00:00+05:30,2.320891107136042,0
2020-05-26 00:00:00+05:30,-0.9765624854480746,0
2020-05-27 00:00:00+05:30,-0.7820166450562559,0
2020-05-28 00:00:00+05:30,-0.39177427214193905,0
2020-05-29 00:00:00+05:30,2.9498525958921977,0
2020-06-01 00:00:00+05:30,0.18726305480090227,0
2020-06-02 00:00:00+05:30,-0.5565919170034906,0
2020-06-03 00:00:00+05:30,2.77264333143658,0
2020-06-04 00:00:00+05:30,-1.8716564449550024,0
2020-06-05 00:00:00+05:30,3.6870559496723367,1
2020-06-08 00:00:00+05:30,9.845890153704854,1
2020-06-09 00:00:00+05:30,-4.5419508650524065,-1
2020-06-10 00:00:00+05:30,-0.9748147547657869,0
2020-06-11 00:00:00+05:30,-1.0594909981225598,0
2020-06-12 00:00:00+05:30,5.7522123893805555,1
2020-06-15 00:00:00+05:30,-1.1627906976744251,0
2020-06-16 00:00:00+05:30,-1.6103059976993894,0
2020-06-17 00:00:00+05:30,1.178446010539604,0
2020-06-18 00:00:00+05:30,3.140498389882479,1
2020-06-19 00:00:00+05:30,0.3184725563203961,0
2020-06-22 00:00:00+05:30,-1.5384615384615385,0
2020-06-23 00:00:00+05:30,2.1604843064068358,0
2020-06-24 00:00:00+05:30,-3.4482691568157295,-1
2020-06-25 00:00:00+05:30,4.476417699780819,1
2020-06-26 00:00:00+05:30,-1.440480655348254,0
2020-06-29 00:00:00+05:30,-2.293577928138804,0
2020-06-30 00:00:00+05:30,0.31298426207578844,0
2020-07-01 00:00:00+05:30,0.3100727879723907,0
2020-07-02 00:00:00+05:30,-0.3093651553227791,0
2020-07-03 00:00:00+05:30,-0.6177629743303514,0
2020-07-06 00:00:00+05:30,4.861101463171803,1
2020-07-07 00:00:00+05:30,1.6825187294105501,0
2020-07-08 00:00:00+05:30,-1.897814674098993,0
2020-07-09 00:00:00+05:30,-0.22320521323817497,0
2020-07-10 00:00:00+05:30,-1.5789519575305406,0
2020-07-13 00:00:00+05:30,-0.8955201106284952,0
2020-07-14 00:00:00+05:30,-1.7371509811148198,0
2020-07-15 00:00:00+05:30,-0.0769277719351011,0
2020-07-16 00:00:00+05:30,0.7751937984496128,0
2020-07-17 00:00:00+05:30,-0.4601157000075163,0
2020-07-20 00:00:00+05:30,-1.1459129640496384,0
2020-07-21 00:00:00+05:30,0.30960461665774613,0
2020-07-22 00:00:00+05:30,0.23112715308502133,0
2020-07-23 00:00:00+05:30,1.998455590123371,0
2020-07-24 00:00:00+05:30,-1.2176491012526425,0
2020-07-27 00:00:00+05:30,-0.1537372772082007,0
2020-07-28 00:00:00+05:30,3.775033729799298,1
2020-07-29 00:00:00+05:30,-0.07563604162994492,0
2020-07-30 00:00:00+05:30,-1.5174506477170704,0
2020-07-31 00:00:00+05:30,0.6976696871971738,0
2020-08-03 00:00:00+05:30,-1.7477226026483932,0
2020-08-04 00:00:00+05:30,2.6964560228895875,0
2020-08-05 00:00:00+05:30,3.153150934285825,1
2020-08-06 00:00:00+05:30,-2.32389035523724,0
2020-08-07 00:00:00+05:30,1.8648090226751135,0
2020-08-10 00:00:00+05:30,-0.4524932699077124,0
2020-08-11 00:00:00+05:30,-3.1746007946795634,-1
2020-08-12 00:00:00+05:30,-0.7003902925127651,0
2020-08-13 00:00:00+05:30,-0.7014820767508732,0
2020-08-14 00:00:00+05:30,-1.6483504309020875,0
2020-08-17 00:00:00+05:30,-3.407286470955156,-1
2020-08-18 00:00:00+05:30,-0.8799987792968712,0
2020-08-19 00:00:00+05:30,-1.6000000000000008,0
2020-08-20 00:00:00+05:30,-0.406173847439269,0
2020-08-21 00:00:00+05:30,-0.8914088010690926,0
2020-08-24 00:00:00+05:30,-2.910265612720576,0
2020-08-25 00:00:00+05:30,-0.5789946805640718,0
2020-08-26 00:00:00+05:30,3.2894737254879853,1
2020-08-27 00:00:00+05:30,-0.5551125747125545,0
2020-08-28 00:00:00+05:30,-1.1961722342486947,0
2020-08-31 00:00:00+05:30,-3.545529073311351,-1
2020-09-01 00:00:00+05:30,0.168773795984958,0
2020-09-02 00:00:00+05:30,0.5042003984210883,0
2020-09-03 00:00:00+05:30,0.32949054435854674,0
2020-09-04 00:00:00+05:30,-0.4991667964679465,0
2020-09-07 00:00:00+05:30,-1.0869527081512407,0
2020-09-08 00:00:00+05:30,-3.10924113297663,-1
2020-09-09 00:00:00+05:30,-3.528398091049275,-1
2020-09-10 00:00:00+05:30,1.7809438518698952,0
2020-09-11 00:00:00+05:30,-0.6962602620833137,0
2020-09-14 00:00:00+05:30,1.5652200450067881,0
2020-09-15 00:00:00+05:30,0.8547008547008631,0
2020-09-16 00:00:00+05:30,1.9524578631400729,0
2020-09-17 00:00:00+05:30,0.0,0
2020-09-18 00:00:00+05:30,2.1594671438291,0
2020-09-21 00:00:00+05:30,-5.762985917202503,-1
2020-09-22 00:00:00+05:30,-1.385280064174104,0
2020-09-23 00:00:00+05:30,2.523935150014558,0
2020-09-24 00:00:00+05:30,-2.9437242648302284,0
2020-09-25 00:00:00+05:30,0.7971669740611876,0
2020-09-28 00:00:00+05:30,3.2286253288844957,1
2020-09-29 00:00:00+05:30,1.9295328109416685,0
2020-09-30 00:00:00+05:30,-3.0327843838050628,-1
2020-10-01 00:00:00+05:30,-1.9166692097981726,0
2020-10-05 00:00:00+05:30,-0.3389843439651739,0
2020-10-06 00:00:00+05:30,-0.5932177527476294,0
2020-10-07 00:00:00+05:30,0.42625744841575247,0
2020-10-08 00:00:00+05:30,-0.932202096712792,0
2020-10-09 00:00:00+05:30,-1.4406753798662546,0
2020-10-12 00:00:00+05:30,-2.6315840604465697,0
2020-10-13 00:00:00+05:30,-1.2205701253122982,0
2020-10-14 00:00:00+05:30,-1.1443621829444273,0
2020-10-15 00:00:00+05:30,0.3571442195347282,0
2020-10-16 00:00:00+05:30,2.123895155645032,0
2020-10-19 00:00:00+05:30,0.9337847585944309,0
2020-10-20 00:00:00+05:30,-0.3389843439651739,0
2020-10-21 00:00:00+05:30,2.194091539342689,0
2020-10-22 00:00:00+05:30,0.22727503921045775,0
2020-10-23 00:00:00+05:30,8.172362185140116,1
2020-10-26 00:00:00+05:30,-0.5479472957245263,0
2020-10-27 00:00:00+05:30,-1.1019220925306887,0
2020-10-28 00:00:00+05:30,-0.5532524329114621,0
2020-10-29 00:00:00+05:30,-2.4130546797484365,0
2020-10-30 00:00:00+05:30,-3.1159442404042226,-1
2020-11-02 00:00:00+05:30,-1.2648787391698375,0
2020-11-03 00:00:00+05:30,2.546811907478942,0
2020-11-04 00:00:00+05:30,-1.0877447907111486,0
2020-11-05 00:00:00+05:30,-1.0079150165605655,0
2020-11-06 00:00:00+05:30,3.193028881742278,1
2020-11-09 00:00:00+05:30,-0.06948634396640992,0
2020-11-10 00:00:00+05:30,0.06858082485161136,0
2020-11-11 00:00:00+05:30,1.6449686467953182,0
2020-11-12 00:00:00+05:30,7.249320125866403,1
2020-11-13 00:00:00+05:30,-1.709941135281005,0
2020-11-14 00:00:00+05:30,-0.7692288129757643,0
2020-11-17 00:00:00+05:30,2.967745873235873,0
2020-11-18 00:00:00+05:30,1.1882484226381287,0
2020-11-19 00:00:00+05:30,0.3674163095614819,0
2020-11-20 00:00:00+05:30,-1.9915528741914126,0
2020-11-23 00:00:00+05:30,-1.4678861752197974,0
2020-11-24 00:00:00+05:30,-1.282054984365331,0
2020-11-25 00:00:00+05:30,-1.7726216669200416,0
2020-11-26 00:00:00+05:30,-0.3750038146972651,0
2020-11-27 00:00:00+05:30,0.2490621925796017,0
2020-12-01 00:00:00+05:30,-1.4371220937032247,0
2020-12-02 00:00:00+05:30,-1.6363617868134446,0
2020-12-03 00:00:00+05:30,-0.06135343773964143,0
2020-12-04 00:00:00+05:30,-0.4289197066984004,0
2020-12-07 00:00:00+05:30,-0.30693678252543505,0
2020-12-08 00:00:00+05:30,2.6283542986227006,0
2020-12-09 00:00:00+05:30,-0.2955082795615844,0
2020-12-10 00:00:00+05:30,-2.911473004410184,0
2020-12-11 00:00:00+05:30,0.4863240436217807,0
2020-12-14 00:00:00+05:30,-3.855418009930345,-1
2020-12-15 00:00:00+05:30,-2.007526393206941,0
2020-12-16 00:00:00+05:30,-1.3333372085813506,0
2020-12-17 00:00:00+05:30,-1.6046212779402012,0
2020-12-18 00:00:00+05:30,-3.785902850714358,-1
2020-12-21 00:00:00+05:30,-3.8670265836273714,-1
2020-12-22 00:00:00+05:30,3.1824612406237858,1
2020-12-23 00:00:00+05:30,1.845520773698819,0
2020-12-24 00:00:00+05:30,-3.2536580057675373,-1
2020-12-28 00:00:00+05:30,-1.0211028334398782,0
2020-12-29 00:00:00+05:30,0.750857408543092,0
2020-12-30 00:00:00+05:30,0.5369147998374597,0
2020-12-31 00:00:00+05:30,-0.1331537631862405,0
2021-01-01 00:00:00+05:30,0.1977607500283502,0
2021-01-04 00:00:00+05:30,-0.06476091235702841,0
2021-01-05 00:00:00+05:30,0.455134547693485,0
2021-01-06 00:00:00+05:30,-1.8649478433983169,0
2021-01-07 00:00:00+05:30,0.06501355184818715,0
2021-01-08 00:00:00+05:30,-0.45102897036501033,0
2021-01-11 00:00:00+05:30,4.297634682064189,1
2021-01-12 00:00:00+05:30,1.2269938650306769,0
2021-01-13 00:00:00+05:30,0.060018512042807025,0
2021-01-14 00:00:00+05:30,5.02958579881657,1
2021-01-15 00:00:00+05:30,1.4525173762657169,0
2021-01-18 00:00:00+05:30,-4.048144984537117,-1
2021-01-19 00:00:00+05:30,1.861253804262189,0
2021-01-20 00:00:00+05:30,16.831147606536728,1
2021-01-21 00:00:00+05:30,-1.1111137194511054,0
2021-01-22 00:00:00+05:30,8.015877859933033,1
2021-01-25 00:00:00+05:30,-0.804191536003058,0
2021-01-27 00:00:00+05:30,-5.229228318474952,-1
2021-01-28 00:00:00+05:30,-3.164064884185796,-1
2021-01-29 00:00:00+05:30,0.9520007292260482,0
2021-02-01 00:00:00+05:30,1.0116755266597666,0
2021-02-02 00:00:00+05:30,-1.3846177321213906,0
2021-02-03 00:00:00+05:30,0.9615384615384649,0
2021-02-04 00:00:00+05:30,1.8106328489085215,0
2021-02-05 00:00:00+05:30,-3.1250000000000124,-1
2021-02-08 00:00:00+05:30,-0.3766478342749403,0
2021-02-09 00:00:00+05:30,-2.38095924611664,0
2021-02-10 00:00:00+05:30,-1.73611691622713,0
2021-02-11 00:00:00+05:30,0.5078077316284206,0
2021-02-12 00:00:00+05:30,-3.565890290016359,-1
2021-02-15 00:00:00+05:30,1.3545792416272524,0
2021-02-16 00:00:00+05:30,-0.6740669979433354,0
2021-02-17 00:00:00+05:30,-0.23952339461698535,0
2021-02-18 00:00:00+05:30,-2.1445627838866392,0
2021-02-19 00:00:00+05:30,-1.086955319881103,0
2021-02-22 00:00:00+05:30,0.5263170250031552,0
2021-02-23 00:00:00+05:30,0.6053268690584711,0
2021-02-24 00:00:00+05:30,1.879247034602994,0
2021-02-25 00:00:00+05:30,-1.6731529384271602,0
2021-02-26 00:00:00+05:30,-1.2728707342609766,0
2021-03-01 00:00:00+05:30,1.2409891140330729,0
2021-03-02 00:00:00+05:30,-1.6535421056071746,0
2021-03-03 00:00:00+05:30,0.889966413997487,0
2021-03-04 00:00:00+05:30,2.405773916133434,0
2021-03-05 00:00:00+05:30,-2.584178152878751,0
2021-03-08 00:00:00+05:30,-0.7606121425385785,0
2021-03-09 00:00:00+05:30,-1.0040160642570355,0
2021-03-10 00:00:00+05:30,-0.9650156517628704,0
2021-03-12 00:00:00+05:30,-1.0865178866165957,0
2021-03-15 00:00:00+05:30,-1.8167137890358274,0
2021-03-16 00:00:00+05:30,-2.698285338849298,0
2021-03-17 00:00:00+05:30,-3.147293287432742,-1
2021-03-18 00:00:00+05:30,-6.1111124152811085,-1
2021-03-19 00:00:00+05:30,2.1847988704745305,0
2021-03-22 00:00:00+05:30,2.6109660227674887,0
2021-03-23 00:00:00+05:30,-1.3871323571385565,0
2021-03-24 00:00:00+05:30,-1.979342067786586,0
2021-03-25 00:00:00+05:30,-3.2300898459105323,-1
2021-03-26 00:00:00+05:30,-0.8574048298473015,0
2021-03-30 00:00:00+05:30,-2.2111954062783203,0
2021-03-31 00:00:00+05:30,0.09182596209361625,0
2021-04-01 00:00:00+05:30,8.367444140964858,1
2021-04-05 00:00:00+05:30,-4.503754342916662,-1
2021-04-06 00:00:00+05:30,0.6086929984714726,0
2021-04-07 00:00:00+05:30,1.1637917880354303,0
2021-04-08 00:00:00+05:30,0.7112957942436109,0
2021-04-09 00:00:00+05:30,-1.1189378011168172,0
2021-04-12 00:00:00+05:30,-5.022023742944665,-1
2021-04-13 00:00:00+05:30,1.798890148333295,0
2021-04-15 00:00:00+05:30,-1.823154107236315,0
2021-04-16 00:00:00+05:30,0.5507169530263112,0
2021-04-19 00:00:00+05:30,-0.14144415045958839,0
2021-04-20 00:00:00+05:30,0.5164347903829063,0
2021-04-22 00:00:00+05:30,-1.2048220883908116,0
2021-04-23 00:00:00+05:30,3.7868192307829402,1
2021-04-26 00:00:00+05:30,-1.87499863760812,0
2021-04-27 00:00:00+05:30,2.431194060439346,0
2021-04-28 00:00:00+05:30,3.7710737489654265,1
2021-04-29 00:00:00+05:30,-0.9745775643041528,0
2021-04-30 00:00:00+05:30,4.068522483940034,1
2021-05-03 00:00:00+05:30,2.773111808199836,0
2021-05-04 00:00:00+05:30,-4.15155292155065,-1
2021-05-05 00:00:00+05:30,-1.7104676249169264,0
2021-05-06 00:00:00+05:30,-1.6560483636876309,0
2021-05-07 00:00:00+05:30,1.1568175996734207,0
2021-05-10 00:00:00+05:30,-0.6751080605550988,0
2021-05-11 00:00:00+05:30,2.3931650015024033,0
2021-05-12 00:00:00+05:30,-3.556660874679476,-1
2021-05-14 00:00:00+05:30,-3.6016949152542157,-1
2021-05-17 00:00:00+05:30,3.085610889350644,1
2021-05-18 00:00:00+05:30,2.634875630342416,0
2021-05-19 00:00:00+05:30,0.16187530821705168,0
2021-05-20 00:00:00+05:30,-3.011584189867894,-1
2021-05-21 00:00:00+05:30,-3.321610083132077,-1
2021-05-24 00:00:00+05:30,0.2777765667627747,0
2021-05-25 00:00:00+05:30,-0.5104056016231517,0
2021-05-26 00:00:00+05:30,0.3157076049830694,0
2021-05-27 00:00:00+05:30,1.141280530037845,0
2021-05-28 00:00:00+05:30,-1.9305019305019095,0
2021-05-31 00:00:00+05:30,2.5984275998093036,0
2021-06-01 00:00:00+05:30,-2.878790190725613,0
2021-06-02 00:00:00+05:30,1.589765878459555,0
2021-06-03 00:00:00+05:30,1.210750039662455,0
2021-06-04 00:00:00+05:30,-0.6676625629807208,0
2021-06-07 00:00:00+05:30,0.5130062029299404,0
2021-06-08 00:00:00+05:30,0.8312207052769759,0
2021-06-09 00:00:00+05:30,-2.39286150251117,0
2021-06-10 00:00:00+05:30,1.746096186657014,0
2021-06-11 00:00:00+05:30,-2.3429200630155056,0
2021-06-14 00:00:00+05:30,0.10900718737724945,0
2021-06-15 00:00:00+05:30,7.359304833380861,1
2021-06-16 00:00:00+05:30,0.5685659555288549,0
2021-06-17 00:00:00+05:30,3.3445925325960766,1
2021-06-18 00:00:00+05:30,-1.757238565242768,0
2021-06-21 00:00:00+05:30,0.9579262495659422,0
2021-06-22 00:00:00+05:30,-2.1155097552752458,0
2021-06-23 00:00:00+05:30,-2.1768686722735944,0
2021-06-24 00:00:00+05:30,-0.03477263608946047,0
2021-06-25 00:00:00+05:30,-1.2456768524275437,0
2021-06-28 00:00:00+05:30,-2.9513888888888844,0
2021-06-29 00:00:00+05:30,-1.0357121058872836,0
2021-06-30 00:00:00+05:30,-1.47641552873212,0
2021-07-01 00:00:00+05:30,2.825462705304631,0
2021-07-02 00:00:00+05:30,-0.03428388732622434,0
2021-07-05 00:00:00+05:30,-1.5656827015183339,0
2021-07-06 00:00:00+05:30,-1.1805534362793004,0
2021-07-07 00:00:00+05:30,-0.4540649138653763,0
2021-07-08 00:00:00+05:30,-0.8027880603730478,0
2021-07-09 00:00:00+05:30,0.10540681185356028,0
2021-07-12 00:00:00+05:30,0.0,0
2021-07-13 00:00:00+05:30,1.1659786780928336,0
2021-07-14 00:00:00+05:30,0.20436174763023746,0
2021-07-15 00:00:00+05:30,-2.0040740553000576,0
2021-07-16 00:00:00+05:30,-0.48342329660861155,0
2021-07-19 00:00:00+05:30,1.6853997599312525,0
2021-07-20 00:00:00+05:30,-2.206894447063572,0
2021-07-22 00:00:00+05:30,1.1498215306511297,0
2021-07-23 00:00:00+05:30,-1.9540664958854193,0
2021-07-26 00:00:00+05:30,-1.0489510489510512,0
2021-07-27 00:00:00+05:30,-0.8432866637435823,0
2021-07-28 00:00:00+05:30,-1.098903238725233,0
2021-07-29 00:00:00+05:30,0.1066812873208128,0
2021-07-30 00:00:00+05:30,5.2482226216201315,1
2021-08-02 00:00:00+05:30,-2.7888526140857883,0
2021-08-03 00:00:00+05:30,7.658271250799034,1
2021-08-04 00:00:00+05:30,-1.1006289308176023,0
2021-08-05 00:00:00+05:30,3.2165624533489123,1
2021-08-06 00:00:00+05:30,-0.7094442393413969,0
2021-08-09 00:00:00+05:30,-3.765820853317846,-1
2021-08-10 00:00:00+05:30,-4.340681335776745,-1
2021-08-11 00:00:00+05:30,-0.821915717974097,0
2021-08-12 00:00:00+05:30,8.138729634600232,1
2021-08-13 00:00:00+05:30,0.5609281224005048,0
2021-08-16 00:00:00+05:30,-1.6064294133252832,0
2021-08-17 00:00:00+05:30,0.6909586209811742,0
2021-08-18 00:00:00+05:30,-1.710198972517956,0
2021-08-20 00:00:00+05:30,-3.4415604232193613,-1
2021-08-23 00:00:00+05:30,-6.025301754750615,-1
2021-08-24 00:00:00+05:30,3.6102414129863925,1
2021-08-25 00:00:00+05:30,-2.067798679157845,0
2021-08-26 00:00:00+05:30,-0.06928029046560497,0
2021-08-27 00:00:00+05:30,-0.06894595064568057,0
2021-08-30 00:00:00+05:30,0.6209100891494373,0
2021-08-31 00:00:00+05:30,-0.4796142260218375,0
2021-09-01 00:00:00+05:30,-1.3013656825235416,0
2021-09-02 00:00:00+05:30,0.729168785942931,0
2021-09-03 00:00:00+05:30,6.513541036986638,1
2021-09-06 00:00:00+05:30,0.7040039062500033,0
2021-09-07 00:00:00+05:30,-1.3994891799944085,0
2021-09-08 00:00:00+05:30,-1.7363324425994813,0
2021-09-09 00:00:00+05:30,0.29296675153706714,0
2021-09-13 00:00:00+05:30,-2.2734654559146974,0
2021-09-14 00:00:00+05:30,2.996369845297896,0
2021-09-15 00:00:00+05:30,-0.5714246961805608,0
2021-09-16 00:00:00+05:30,-0.996786528461611,0
2021-09-17 00:00:00+05:30,-0.3896143529322278,0
2021-09-20 00:00:00+05:30,-0.03339101953777615,0
2021-09-21 00:00:00+05:30,-0.4675998413575152,0
2021-09-22 00:00:00+05:30,3.4620486377467214,1
2021-09-23 00:00:00+05:30,-0.5745253313441614,0
2021-09-24 00:00:00+05:30,-2.361197843203728,0
2021-09-27 00:00:00+05:30,-1.3398712756587126,0
2021-09-28 00:00:00+05:30,-1.746289223383451,0
2021-09-29 00:00:00+05:30,0.6377958829850172,0
2021-09-30 00:00:00+05:30,-0.26525805515810325,0
2021-10-01 00:00:00+05:30,-0.8655146991818985,0
2021-10-04 00:00:00+05:30,0.10026329569840162,0
2021-10-05 00:00:00+05:30,-0.09999593098958214,0
2021-10-06 00:00:00+05:30,-2.158034441091656,0
2021-10-07 00:00:00+05:30,0.36962569924578637,0
2021-10-08 00:00:00+05:30,1.1964128203851354,0
2021-10-11 00:00:00+05:30,-0.130546313463541,0
2021-10-12 00:00:00+05:30,-1.5294441510422627,0
2021-10-13 00:00:00+05:30,-0.9180287845799141,0
2021-10-14 00:00:00+05:30,-0.328515118282173,0
2021-10-18 00:00:00+05:30,3.888886894275946,1
2021-10-19 00:00:00+05:30,3.8317718981211093,1
2021-10-20 00:00:00+05:30,-2.861445783132543,0
2021-10-21 00:00:00+05:30,1.4263584817102772,0
2021-10-22 00:00:00+05:30,-4.512191400295356,-1
2021-10-25 00:00:00+05:30,-3.7356359358304663,-1
2021-10-26 00:00:00+05:30,0.5308580411136739,0
2021-10-27 00:00:00+05:30,2.0421546656159126,0
2021-10-28 00:00:00+05:30,-4.046244813898137,-1
2021-10-29 00:00:00+05:30,-0.9999978953394377,0
2021-11-01 00:00:00+05:30,0.37892047873598517,0
2021-11-02 00:00:00+05:30,-0.30622453731706434,0
2021-11-03 00:00:00+05:30,-0.8152153350004,0
2021-11-04 00:00:00+05:30,0.2723826216271421,0
2021-11-08 00:00:00+05:30,-1.8187921884454827,0
2021-11-09 00:00:00+05:30,-0.9215058727069125,0
2021-11-10 00:00:00+05:30,-0.3793124494881427,0
2021-11-11 00:00:00+05:30,-1.4827544113685456,0
2021-11-12 00:00:00+05:30,-0.6946856694686442,0
2021-11-15 00:00:00+05:30,-3.006995141089382,-1
2021-11-16 00:00:00+05:30,-0.4304095200837006,0
2021-11-17 00:00:00+05:30,-0.7529602543824634,0
2021-11-18 00:00:00+05:30,-1.254930109930042,0
2021-11-22 00:00:00+05:30,-4.6897544832323925,-1
2021-11-23 00:00:00+05:30,1.5909137147845684,0
2021-11-24 00:00:00+05:30,1.8545993645416228,0
2021-11-25 00:00:00+05:30,0.46696061029019037,0
2021-11-26 00:00:00+05:30,-2.625894889557099,0
2021-11-29 00:00:00+05:30,-3.872181598405189,-1
2021-11-30 00:00:00+05:30,0.6648404257064899,0
2021-12-01 00:00:00+05:30,1.713632861922372,0
2021-12-02 00:00:00+05:30,2.3134373906833035,0
2021-12-03 00:00:00+05:30,0.6975014460559809,0
2021-12-06 00:00:00+05:30,-0.5512679038416953,0
2021-12-07 00:00:00+05:30,0.14524106948047075,0
2021-12-08 00:00:00+05:30,0.180440270294762,0
2021-12-09 00:00:00+05:30,-1.2151515528299894,0
2021-12-10 00:00:00+05:30,0.21707891344612856,0
2021-12-13 00:00:00+05:30,1.538457171008513,0
2021-12-14 00:00:00+05:30,-0.9219879799700891,0
2021-12-15 00:00:00+05:30,0.10690940357929589,0
2021-12-16 00:00:00+05:30,1.1071450369698579,0
2021-12-17 00:00:00+05:30,-4.415400823209216,-1
2021-12-20 00:00:00+05:30,-3.113553113553111,-1
2021-12-21 00:00:00+05:30,2.230621510958184,0
2021-12-22 00:00:00+05:30,-1.3153109035276607,0
2021-12-23 00:00:00+05:30,-0.07353389964383827,0
2021-12-24 00:00:00+05:30,-1.9456636974018542,0
2021-12-27 00:00:00+05:30,-2.443609022556391,0
2021-12-28 00:00:00+05:30,9.104759579613114,1
2021-12-29 00:00:00+05:30,-1.363634229539987,0
2021-12-30 00:00:00+05:30,-0.10752250644040028,0
2021-12-31 00:00:00+05:30,-0.3576537833228001,0
2022-01-03 00:00:00+05:30,0.969124777567274,0
2022-01-04 00:00:00+05:30,-1.9061045284727092,0
2022-01-05 00:00:00+05:30,-0.4656225837063673,0
2022-01-06 00:00:00+05:30,-1.4130412668421684,0
2022-01-07 00:00:00+05:30,-1.6800495949677443,0
2022-01-10 00:00:00+05:30,0.14732740202003491,0
2022-01-11 00:00:00+05:30,0.4044140086454453,0
2022-01-12 00:00:00+05:30,-0.8002843718801741,0
2022-01-13 00:00:00+05:30,-0.32870487093115763,0
2022-01-14 00:00:00+05:30,-0.40234313389636817,0
2022-01-17 00:00:00+05:30,1.6519824158696845,0
2022-01-18 00:00:00+05:30,0.35829451025848075,0
2022-01-19 00:00:00+05:30,0.6071472167968782,0
2022-01-20 00:00:00+05:30,-1.0431632721166828,0
2022-01-21 00:00:00+05:30,1.2026306063956358,0
2022-01-24 00:00:00+05:30,-2.1246035846998508,0
2022-01-25 00:00:00+05:30,3.7686589938491144,1
2022-01-27 00:00:00+05:30,-2.2826042728147677,0
2022-01-28 00:00:00+05:30,-1.884062393851898,0
2022-01-31 00:00:00+05:30,-0.3323463578485879,0
2022-02-01 00:00:00+05:30,-0.7344840578988898,0
2022-02-02 00:00:00+05:30,0.813614000255299,0
2022-02-03 00:00:00+05:30,0.8708775993239758,0
2022-02-04 00:00:00+05:30,-0.3053388522781452,0
2022-02-07 00:00:00+05:30,-2.71614040187706,0
2022-02-08 00:00:00+05:30,-4.4083561044890835,-1
2022-02-09 00:00:00+05:30,-0.3212863661678005,0
2022-02-10 00:00:00+05:30,0.32000122070314824,0
2022-02-11 00:00:00+05:30,-3.0000000000000067,-1
2022-02-14 00:00:00+05:30,-3.298969072164944,-1
2022-02-15 00:00:00+05:30,2.184872667328669,0
2022-02-16 00:00:00+05:30,-1.7995885057195755,0
2022-02-17 00:00:00+05:30,-2.5269225347794895,0
2022-02-18 00:00:00+05:30,-2.3789699757222205,0
2022-02-21 00:00:00+05:30,-1.0000013268512442,0
2022-02-22 00:00:00+05:30,-1.374116143460223,0
2022-02-23 00:00:00+05:30,1.883406703247623,0
2022-02-24 00:00:00+05:30,-1.7129615501121218,0
2022-02-25 00:00:00+05:30,-3.198200947529548,-1
2022-02-28 00:00:00+05:30,-3.076215268302827,-1
2022-03-02 00:00:00+05:30,-0.6628759075349131,0
2022-03-03 00:00:00+05:30,-1.4588264016544137,0
2022-03-04 00:00:00+05:30,-1.2980754558856527,0
2022-03-07 00:00:00+05:30,0.592006396797609,0
2022-03-08 00:00:00+05:30,1.862746593998925,0
2022-03-09 00:00:00+05:30,2.1286660974094014,0
2022-03-10 00:00:00+05:30,0.8181832053444569,0
2022-03-11 00:00:00+05:30,-1.614352512787276,0
2022-03-14 00:00:00+05:30,-1.846849596178206,0
2022-03-15 00:00:00+05:30,-4.104641844830994,-1
2022-03-16 00:00:00+05:30,-0.46468402145957305,0
2022-03-17 00:00:00+05:30,3.271892213601656,1
2022-03-21 00:00:00+05:30,-3.585653414598273,-1
2022-03-22 00:00:00+05:30,-1.6925947409530973,0
2022-03-23 00:00:00+05:30,-0.875573224186346,0
2022-03-24 00:00:00+05:30,-1.9480575547918484,0
2022-03-25 00:00:00+05:30,2.769950186142884,0
2022-03-28 00:00:00+05:30,5.160710489025895,1
2022-03-29 00:00:00+05:30,1.3135619082693164,0
2022-03-30 00:00:00+05:30,-3.892337017177789,-1
2022-03-31 00:00:00+05:30,1.1202028334143819,0
2022-04-01 00:00:00+05:30,1.6525397866459284,0
2022-04-04 00:00:00+05:30,1.1993357567756566,0
2022-04-05 00:00:00+05:30,-2.6326448605443007,0
2022-04-06 00:00:00+05:30,-0.74503435690585,0
2022-04-07 00:00:00+05:30,0.6644480167978456,0
2022-04-08 00:00:00+05:30,11.070257560003725,1
2022-04-11 00:00:00+05:30,-0.03664794369910216,0
2022-04-12 00:00:00+05:30,-1.47383938465587,0
2022-04-13 00:00:00+05:30,-3.234205281424263,-1
2022-04-18 00:00:00+05:30,-4.132868752604285,-1
2022-04-19 00:00:00+05:30,-1.5157571192720527,0
2022-04-20 00:00:00+05:30,1.6400024414062546,0
2022-04-21 00:00:00+05:30,1.4808993384964144,0
2022-04-22 00:00:00+05:30,4.0157528374138804,1
2022-04-25 00:00:00+05:30,-4.3214535344979375,-1
2022-04-26 00:00:00+05:30,4.11442609104678,1
2022-04-27 00:00:00+05:30,-0.26718023169131566,0
2022-04-28 00:00:00+05:30,-2.121214433149866,0
2022-04-29 00:00:00+05:30,-1.0404671318039471,0
2022-05-02 00:00:00+05:30,0.23809766012524808,0
2022-05-04 00:00:00+05:30,-2.165354330708666,0
2022-05-05 00:00:00+05:30,-2.270915118821587,0
2022-05-06 00:00:00+05:30,-0.699011911831555,0
2022-05-09 00:00:00+05:30,2.0416641235351394,0
2022-05-10 00:00:00+05:30,-2.9971624460982755,0
2022-05-11 00:00:00+05:30,-5.662701364205881,-1
2022-05-12 00:00:00+05:30,-2.7826060419497236,0
2022-05-13 00:00:00+05:30,3.8444750049829493,1
2022-05-16 00:00:00+05:30,0.9583346048990823,0
2022-05-17 00:00:00+05:30,-0.6142506219268873,0
2022-05-18 00:00:00+05:30,1.4274062167866988,0
2022-05-19 00:00:00+05:30,1.5516550210140425,0
2022-05-20 00:00:00+05:30,-3.675890534291625,-1
2022-05-23 00:00:00+05:30,0.6122448979591872,0
2022-05-24 00:00:00+05:30,-5.887099235288564,-1
2022-05-25 00:00:00+05:30,-3.470433186180364,-1
2022-05-26 00:00:00+05:30,-3.1331578993149596,-1
2022-05-27 00:00:00+05:30,1.4543865758160215,0
2022-05-30 00:00:00+05:30,-0.4727077177277468,0
2022-05-31 00:00:00+05:30,-0.25928732089551015,0
2022-06-01 00:00:00+05:30,-0.9918015754650814,0
2022-06-02 00:00:00+05:30,0.8282516154428734,0
2022-06-03 00:00:00+05:30,-3.938361287094506,-1
2022-06-06 00:00:00+05:30,-2.577779134114576,0
2022-06-07 00:00:00+05:30,2.4107542984759585,0
2022-06-08 00:00:00+05:30,-1.2123920005574667,0
2022-06-09 00:00:00+05:30,-0.9571517334304778,0
2022-06-10 00:00:00+05:30,0.09203725054461791,0
2022-06-13 00:00:00+05:30,-2.782931275576693,0
2022-06-14 00:00:00+05:30,-1.5281743273708206,0
2022-06-15 00:00:00+05:30,-1.5639824889847225,0
2022-06-16 00:00:00+05:30,-3.875601006466795,-1
2022-06-17 00:00:00+05:30,-0.3482571881801843,0
2022-06-20 00:00:00+05:30,-2.034882302539532,0
2022-06-21 00:00:00+05:30,1.442783033076802,0
2022-06-22 00:00:00+05:30,-2.2048015019253278,0
2022-06-23 00:00:00+05:30,-0.14807652651525438,0
2022-06-24 00:00:00+05:30,-2.6061746988506385,0
2022-06-27 00:00:00+05:30,-1.3526584791100609,0
2022-06-28 00:00:00+05:30,1.9211792593518968,0
2022-06-29 00:00:00+05:30,-0.2452182515777129,0
2022-06-30 00:00:00+05:30,-0.7804907822027481,0
2022-07-01 00:00:00+05:30,-0.2921085017309855,0
2022-07-04 00:00:00+05:30,1.2207031068101202,0
2022-07-05 00:00:00+05:30,-0.2894385406091026,0
2022-07-06 00:00:00+05:30,4.6724454060976655,1
2022-07-07 00:00:00+05:30,1.4090936834161873,0
2022-07-08 00:00:00+05:30,-2.3307987739894975,0
2022-07-11 00:00:00+05:30,3.240740740740744,1
2022-07-12 00:00:00+05:30,1.9555528428819369,0
2022-07-13 00:00:00+05:30,-0.9930928286460318,0
2022-07-14 00:00:00+05:30,-2.6968234505625124,0
2022-07-15 00:00:00+05:30,6.2053544180733775,1
2022-07-18 00:00:00+05:30,-1.2184848304556184,0
2022-07-19 00:00:00+05:30,0.9812299964365753,0
2022-07-20 00:00:00+05:30,-1.6379710438049533,0
2022-07-21 00:00:00+05:30,1.62462725562941,0
2022-07-22 00:00:00+05:30,0.33515000502129316,0
2022-07-25 00:00:00+05:30,-1.5507175659610204,0
2022-07-26 00:00:00+05:30,-2.0330380888060184,0
2022-07-27 00:00:00+05:30,2.0725335347458484,0
2022-07-28 00:00:00+05:30,-1.2605042016806844,0
2022-07-29 00:00:00+05:30,-0.46471941652246695,0
2022-08-01 00:00:00+05:30,0.21052631578947606,0
2022-08-02 00:00:00+05:30,7.958335876464852,1
2022-08-03 00:00:00+05:30,2.2692284217247543,0
2022-08-04 00:00:00+05:30,-1.716420187878977,0
2022-08-05 00:00:00+05:30,-1.5261350274140117,0
2022-08-08 00:00:00+05:30,0.4270209927998141,0
2022-08-10 00:00:00+05:30,-2.628534205520262,0
2022-08-11 00:00:00+05:30,-0.6708748970754336,0
2022-08-12 00:00:00+05:30,-0.19864918794686814,0
2022-08-16 00:00:00+05:30,5.723367864530085,1
2022-08-17 00:00:00+05:30,4.722641184411509,1
2022-08-18 00:00:00+05:30,-0.7927971917229746,0
2022-08-19 00:00:00+05:30,-2.908033377865398,0
2022-08-22 00:00:00+05:30,-1.310370617754153,0
2022-08-23 00:00:00+05:30,8.625956528059389,1
2022-08-24 00:00:00+05:30,-1.443664120956208,0
2022-08-25 00:00:00+05:30,-2.271112197913335,0
2022-08-26 00:00:00+05:30,-0.17998560906080502,0
2022-08-29 00:00:00+05:30,0.5555555555555703,0
2022-08-30 00:00:00+05:30,2.2727318491438107,0
2022-09-01 00:00:00+05:30,-0.7971058721127726,0
2022-09-02 00:00:00+05:30,6.553213173781586,1
2022-09-05 00:00:00+05:30,-0.6729474824539351,0
2022-09-06 00:00:00+05:30,7.759784235364251,1
2022-09-07 00:00:00+05:30,1.6602750596369151,0
2022-09-08 00:00:00+05:30,-2.4992189464104206,0
2022-09-09 00:00:00+05:30,-1.847129870372214,0
2022-09-12 00:00:00+05:30,2.6774154170866957,0
2022-09-13 00:00:00+05:30,-1.7144639056375248,0
2022-09-14 00:00:00+05:30,3.3095331880134284,1
2022-09-15 00:00:00+05:30,17.39949590404061,1
2022-09-16 00:00:00+05:30,-1.4594578098606528,0
2022-09-19 00:00:00+05:30,-0.6249966828719271,0
2022-09-20 00:00:00+05:30,-2.9250907726954227,0
2022-09-21 00:00:00+05:30,-0.2815315218562338,0
2022-09-22 00:00:00+05:30,-1.7202498585786479,0
2022-09-23 00:00:00+05:30,-2.8285696847098274,0
2022-09-26 00:00:00+05:30,-2.3710729533843495,0
2022-09-27 00:00:00+05:30,-2.346566767807402,0
2022-09-28 00:00:00+05:30,4.541214962213252,1
2022-09-29 00:00:00+05:30,-1.0355029585798812,0
2022-09-30 00:00:00+05:30,-1.04104695803661,0
2022-10-03 00:00:00+05:30,-3.1779661604018328,-1
2022-10-04 00:00:00+05:30,6.4287891430643525,1
2022-10-06 00:00:00+05:30,-1.149425287356326,0
2022-10-07 00:00:00+05:30,4.096448310831717,1
2022-10-10 00:00:00+05:30,1.846590909090914,0
2022-10-11 00:00:00+05:30,-0.691754300559299,0
2022-10-12 00:00:00+05:30,-3.6707486048349782,-1
2022-10-13 00:00:00+05:30,-3.139407842982155,-1
2022-10-14 00:00:00+05:30,-2.9489068915374195,0
2022-10-17 00:00:00+05:30,2.376652840416288,0
2022-10-18 00:00:00+05:30,-2.7192946763066566,0
2022-10-19 00:00:00+05:30,-0.2083369663783582,0
2022-10-20 00:00:00+05:30,0.7775138011277801,0
2022-10-21 00:00:00+05:30,-1.6538706445869265,0
2022-10-24 00:00:00+05:30,2.67777442325546,0
2022-10-25 00:00:00+05:30,-2.0573764062426303,0
2022-10-27 00:00:00+05:30,-0.5598096436807484,0
2022-10-28 00:00:00+05:30,0.6194708269957586,0
2022-10-31 00:00:00+05:30,2.0181322081489865,0
2022-11-01 00:00:00+05:30,-4.0136567252735125,-1
2022-11-02 00:00:00+05:30,4.25982057508024,1
2022-11-03 00:00:00+05:30,-1.3945433295509921,0
2022-11-04 00:00:00+05:30,-1.4105165927566747,0
2022-11-07 00:00:00+05:30,0.5308132587939985,0
2022-11-09 00:00:00+05:30,0.9093593895624971,0
2022-11-10 00:00:00+05:30,-1.1287970756828847,0
2022-11-11 00:00:00+05:30,0.581395348837205,0
2022-11-14 00:00:00+05:30,-1.585471345278033,0
2022-11-15 00:00:00+05:30,1.803893357361442,0
2022-11-16 00:00:00+05:30,-4.267425320056905,-1
2022-11-17 00:00:00+05:30,1.1586434419983391,0
2022-11-18 00:00:00+05:30,-1.7773909925841909,0
2022-11-21 00:00:00+05:30,1.2744571393993913,0
2022-11-22 00:00:00+05:30,-1.3100436681222773,0
2022-11-23 00:00:00+05:30,-0.20552325146420547,0
2022-11-24 00:00:00+05:30,-0.3805674143205149,0
2022-11-25 00:00:00+05:30,1.1403490925392872,0
2022-11-28 00:00:00+05:30,11.235633937791855,1
2022-11-29 00:00:00+05:30,0.6939043040608034,0
2022-11-30 00:00:00+05:30,2.653059667470499,0
2022-12-01 00:00:00+05:30,-0.7952240899576961,0
2022-12-02 00:00:00+05:30,2.4741195763596053,0
2022-12-05 00:00:00+05:30,-0.43902141291920743,0
2022-12-06 00:00:00+05:30,1.8163951908071008,0
2022-12-07 00:00:00+05:30,-1.07991357527589,0
2022-12-08 00:00:00+05:30,-0.21749490648479414,0
2022-12-09 00:00:00+05:30,-5.180722891566278,-1
2022-12-12 00:00:00+05:30,4.650568689445656,1
2022-12-13 00:00:00+05:30,-1.8473520214557793,0
2022-12-14 00:00:00+05:30,-0.8395046657986118,0
2022-12-15 00:00:00+05:30,0.80625151328822,0
2022-12-16 00:00:00+05:30,-0.2777793190696092,0
2022-12-19 00:00:00+05:30,-1.0806704847769621,0
2022-12-20 00:00:00+05:30,1.41987986566384,0
2022-12-21 00:00:00+05:30,-3.143567377978055,-1
2022-12-22 00:00:00+05:30,-5.341169064268496,-1
2022-12-23 00:00:00+05:30,-7.885400790309517,-1
2022-12-26 00:00:00+05:30,7.573966302815284,1
2022-12-27 00:00:00+05:30,0.27262814429655435,0
2022-12-28 00:00:00+05:30,1.223491068339282,0
2022-12-29 00:00:00+05:30,-0.2969778946117188,0
2022-12-30 00:00:00+05:30,-1.445015851664158,0
2023-01-02 00:00:00+05:30,0.26939654286495324,0
2023-01-03 00:00:00+05:30,0.9919603772201789,0
2023-01-04 00:00:00+05:30,-2.4447917829093035,0
2023-01-05 00:00:00+05:30,6.171183055186946,1
2023-01-06 00:00:00+05:30,-3.351811542874372,-1
2023-01-09 00:00:00+05:30,-2.1238052518530357,0
2023-01-10 00:00:00+05:30,-2.2451135401397626,0
2023-01-11 00:00:00+05:30,0.2688172043010724,0
2023-01-12 00:00:00+05:30,-3.3626916714787294,-1
2023-01-13 00:00:00+05:30,1.5938495212497275,0
2023-01-16 00:00:00+05:30,-0.7837821341849791,0
2023-01-17 00:00:00+05:30,-1.2527249320792606,0
2023-01-18 00:00:00+05:30,0.3305818752152194,0
2023-01-19 00:00:00+05:30,0.0,0
2023-01-20 00:00:00+05:30,-2.558456064090439,0
2023-01-23 00:00:00+05:30,-5.903751109080023,-1
2023-01-24 00:00:00+05:30,-4.945221084799102,-1
2023-01-25 00:00:00+05:30,2.1065732861514803,0
2023-01-27 00:00:00+05:30,-2.228913824242288,0
2023-01-30 00:00:00+05:30,0.12316023063322445,0
2023-01-31 00:00:00+05:30,2.689482721473953,0
2023-02-01 00:00:00+05:30,-2.748223392643931,0
2023-02-02 00:00:00+05:30,0.2431573838810896,0
2023-02-03 00:00:00+05:30,0.38921790208645635,0
2023-02-06 00:00:00+05:30,-3.5241000623588077,-1
2023-02-07 00:00:00+05:30,-3.5658914728682163,-1
2023-02-08 00:00:00+05:30,1.850653313971192,0
2023-02-09 00:00:00+05:30,-1.9745261805831926,0
2023-02-10 00:00:00+05:30,1.3033561679864971,0
2023-02-13 00:00:00+05:30,-0.6741592627658545,0
2023-02-14 00:00:00+05:30,-1.6430432357599989,0
2023-02-15 00:00:00+05:30,-0.7797251434911185,0
2023-02-16 00:00:00+05:30,1.5909071092481697,0
2023-02-17 00:00:00+05:30,-1.6916654961605173,0
2023-02-20 00:00:00+05:30,-1.1654277030261282,0
2023-02-21 00:00:00+05:30,-1.025644938151037,0
2023-02-22 00:00:00+05:30,-1.4239462448169624,0
2023-02-23 00:00:00+05:30,-1.68095128744652,0
2023-02-24 00:00:00+05:30,-0.43579880863789283,0
2023-02-27 00:00:00+05:30,-1.955501750233482,0
2023-02-28 00:00:00+05:30,0.6489154690149622,0
2023-03-01 00:00:00+05:30,1.6621521767170675,0
2023-03-02 00:00:00+05:30,-1.8936917631333008,0
2023-03-03 00:00:00+05:30,0.8727781660912343,0
2023-03-06 00:00:00+05:30,1.7549628453538868,0
2023-03-08 00:00:00+05:30,1.1730225399515284,0
2023-03-09 00:00:00+05:30,-0.7393179895282822,0
2023-03-10 00:00:00+05:30,1.4648436917923382,0
2023-03-13 00:00:00+05:30,-1.9255455335282585,0
2023-03-14 00:00:00+05:30,-1.7903645121906369,0
2023-03-15 00:00:00+05:30,-3.2142837326247906,-1
2023-03-16 00:00:00+05:30,-1.6107341587143318,0
2023-03-17 00:00:00+05:30,-0.6777363465382118,0
2023-03-20 00:00:00+05:30,-1.6035524084470005,0
2023-03-21 00:00:00+05:30,-0.44842629194154865,0
2023-03-22 00:00:00+05:30,3.9100303781898935,1
2023-03-23 00:00:00+05:30,11.751005002586986,1
2023-03-24 00:00:00+05:30,-7.065870090872944,-1
2023-03-27 00:00:00+05:30,-2.8168975559854514,0
2023-03-28 00:00:00+05:30,1.4107672187531748,0
2023-03-29 00:00:00+05:30,2.032254126764119,0
2023-03-31 00:00:00+05:30,-1.9917761732865913,0
2023-04-03 00:00:00+05:30,-0.8038585209003043,0
2023-04-05 00:00:00+05:30,5.315721754009636,1
2023-04-06 00:00:00+05:30,1.5902178003153695,0
2023-04-10 00:00:00+05:30,-1.907940059855855,0
2023-04-11 00:00:00+05:30,1.2588195984872614,0
2023-04-12 00:00:00+05:30,-1.1825330627157442,0
2023-04-13 00:00:00+05:30,-0.6118079037448249,0
2023-04-17 00:00:00+05:30,0.4307673527644102,0
2023-04-18 00:00:00+05:30,1.896608235788019,0
2023-04-19 00:00:00+05:30,1.5873071001582462,0
2023-04-20 00:00:00+05:30,-1.7312189283494137,0
2023-04-21 00:00:00+05:30,-2.349798967049908,0
2023-04-24 00:00:00+05:30,-0.06068331411634287,0
2023-04-25 00:00:00+05:30,0.06038094265772784,0
2023-04-26 00:00:00+05:30,0.06035371476008398,0
2023-04-27 00:00:00+05:30,2.519494316215377,0
2023-04-28 00:00:00+05:30,4.5055661100229205,1
2023-05-02 00:00:00+05:30,0.8055538601345558,0
2023-05-03 00:00:00+05:30,6.805713152012753,1
2023-05-04 00:00:00+05:30,-1.4159307467802105,0
2023-05-05 00:00:00+05:30,4.48407798815685,1
2023-05-08 00:00:00+05:30,-2.302472093908934,0
2023-05-09 00:00:00+05:30,-2.3762391345335803,0
2023-05-10 00:00:00+05:30,-0.8080838906644733,0
2023-05-11 00:00:00+05:30,0.6602351914958675,0
2023-05-12 00:00:00+05:30,2.2588816996153107,0
2023-05-15 00:00:00+05:30,-2.6054590570719736,0
2023-05-16 00:00:00+05:30,0.8883248730964551,0
2023-05-17 00:00:00+05:30,0.17566178344571234,0
2023-05-18 00:00:00+05:30,-9.885461056690868,-1
2023-05-19 00:00:00+05:30,-4.473103201422976,-1
2023-05-22 00:00:00+05:30,2.0285731724330227,0
2023-05-23 00:00:00+05:30,-0.0836786033385684,0
2023-05-24 00:00:00+05:30,1.564247514948503,0
2023-05-25 00:00:00+05:30,-0.1371365857459717,0
2023-05-26 00:00:00+05:30,-0.05476785332576686,0
2023-05-29 00:00:00+05:30,-0.1910430406969077,0
2023-05-30 00:00:00+05:30,-1.2824044221094844,0
2023-05-31 00:00:00+05:30,2.18412873372052,0
2023-06-01 00:00:00+05:30,1.540543839738162,0
2023-06-02 00:00:00+05:30,-0.7712749724692631,0
2023-06-05 00:00:00+05:30,-1.5458470474000139,0
2023-06-06 00:00:00+05:30,-0.16246293142956517,0
2023-06-07 00:00:00+05:30,0.1622076543433424,0
2023-06-08 00:00:00+05:30,0.13466200281123747,0
2023-06-09 00:00:00+05:30,0.5095183501160996,0
2023-06-12 00:00:00+05:30,0.9042536958734917,0
2023-06-13 00:00:00+05:30,-0.05236493654076953,0
2023-06-14 00:00:00+05:30,-0.9947612023478406,0
2023-06-15 00:00:00+05:30,0.23728564277038897,0
2023-06-16 00:00:00+05:30,-0.6031963982693661,0
2023-06-19 00:00:00+05:30,0.2890949023694212,0
2023-06-20 00:00:00+05:30,-0.23553883331806444,0
2023-06-21 00:00:00+05:30,2.3030587941379608,0
2023-06-22 00:00:00+05:30,-0.8616304723503616,0
2023-06-23 00:00:00+05:30,-0.9465289708940027,0
2023-06-26 00:00:00+05:30,3.9524638469980506,1
2023-06-27 00:00:00+05:30,3.6386168829285332,1
2023-06-28 00:00:00+05:30,-0.6944429727248344,0
2023-06-30 00:00:00+05:30,13.630906198473669,1
2023-07-03 00:00:00+05:30,-0.42301185525320545,0
2023-07-04 00:00:00+05:30,-0.14893876745344525,0
2023-07-05 00:00:00+05:30,2.5935400436497407,0
2023-07-06 00:00:00+05:30,7.077249355754163,1
2023-07-07 00:00:00+05:30,-2.061854484998014,0
2023-07-10 00:00:00+05:30,0.5239773321191954,0
2023-07-11 00:00:00+05:30,-0.11985739037158247,0
2023-07-12 00:00:00+05:30,0.7379362289731156,0
2023-07-13 00:00:00+05:30,-3.9045588783734106,-1
2023-07-14 00:00:00+05:30,2.1011806479961166,0
2023-07-17 00:00:00+05:30,-1.492834413040477,0
2023-07-18 00:00:00+05:30,-1.5060240963855547,0
2023-07-19 00:00:00+05:30,-0.8120178543318134,0
2023-07-20 00:00:00+05:30,1.4940621575477768,0
2023-07-21 00:00:00+05:30,-0.6082724910275435,0
2023-07-24 00:00:00+05:30,-0.9587947959997742,0
2023-07-25 00:00:00+05:30,-0.6365515612968489,0
2023-07-26 00:00:00+05:30,2.91836485570791,0
2023-07-27 00:00:00+05:30,-1.5819655540614996,0
2023-07-28 00:00:00+05:30,5.594538338876929,1
2023-07-31 00:00:00+05:30,0.45290871265009186,0
2023-08-01 00:00:00+05:30,-1.3308295381326103,0
2023-08-02 00:00:00+05:30,-3.495445205296796,-1
2023-08-03 00:00:00+05:30,4.207627534343526,1
2023-08-04 00:00:00+05:30,6.266421090818472,1
2023-08-07 00:00:00+05:30,-4.766948947068164,-1
2023-08-08 00:00:00+05:30,-1.10152374986904,0
2023-08-09 00:00:00+05:30,-0.2023241854692158,0
2023-08-10 00:00:00+05:30,0.27629396436645237,0
2023-08-11 00:00:00+05:30,-1.538466009901562,0
2023-08-14 00:00:00+05:30,-1.3196980643006546,0
2023-08-16 00:00:00+05:30,3.150351438626671,1
2023-08-17 00:00:00+05:30,-0.4389106496862173,0
2023-08-18 00:00:00+05:30,-2.4358952001774234,0
2023-08-21 00:00:00+05:30,0.7063174336373124,0
2023-08-22 00:00:00+05:30,-0.3853166212729278,0
2023-08-23 00:00:00+05:30,-1.8874816863777264,0
2023-08-24 00:00:00+05:30,-1.2970168318830366,0
2023-08-25 00:00:00+05:30,-0.5820457619298627,0
2023-08-28 00:00:00+05:30,-1.6860247669189865,0
2023-08-29 00:00:00+05:30,0.07576498587023503,0
2023-08-30 00:00:00+05:30,0.9600857433621112,0
2023-08-31 00:00:00+05:30,1.0624440274056206,0
2023-09-01 00:00:00+05:30,-1.7437592167513216,0
2023-09-04 00:00:00+05:30,-1.795633466834089,0
2023-09-05 00:00:00+05:30,-0.5065688943773378,0
2023-09-06 00:00:00+05:30,-0.8617414183459127,0
2023-09-07 00:00:00+05:30,-0.32093867620430766,0
2023-09-08 00:00:00+05:30,-1.3936015845692202,0
2023-09-11 00:00:00+05:30,-1.7613613244259103,0
2023-09-12 00:00:00+05:30,-3.4912683897244126,-1
2023-09-13 00:00:00+05:30,1.7469904030183232,0
2023-09-14 00:00:00+05:30,1.8164038658142134,0
2023-09-15 00:00:00+05:30,-1.2029764456981138,0
2023-09-18 00:00:00+05:30,-1.3856719611574333,0
2023-09-20 00:00:00+05:30,6.120862458881585,1
2023-09-21 00:00:00+05:30,-2.6928029949823484,0
2023-09-22 00:00:00+05:30,4.269660635387399,1
2023-09-25 00:00:00+05:30,1.2365635150649297,0
2023-09-26 00:00:00+05:30,-0.8734446370877968,0
2023-09-27 00:00:00+05:30,-0.39426742061490944,0
2023-09-28 00:00:00+05:30,-2.1447721179624666,0
2023-09-29 00:00:00+05:30,0.761147571573905,0
2023-10-03 00:00:00+05:30,0.2518029521695042,0
2023-10-04 00:00:00+05:30,-1.0233415093413432,0
2023-10-05 00:00:00+05:30,3.527078487562706,1
2023-10-06 00:00:00+05:30,-1.8229166666666685,0
2023-10-09 00:00:00+05:30,-3.3815573611268204,-1
2023-10-10 00:00:00+05:30,0.33425957158194164,0
2023-10-11 00:00:00+05:30,14.322439129028497,1
2023-10-12 00:00:00+05:30,1.3311708128297506,0
2023-10-13 00:00:00+05:30,1.4412134261355691,0
2023-10-16 00:00:00+05:30,0.04854171407258917,0
2023-10-17 00:00:00+05:30,0.5221499672418943,0
2023-10-18 00:00:00+05:30,2.539428325857644,0
2023-10-19 00:00:00+05:30,-0.9290802281531702,0
2023-10-20 00:00:00+05:30,0.2194395633326655,0
2023-10-23 00:00:00+05:30,-6.725054482036441,-1
2023-10-25 00:00:00+05:30,-3.0938184037642236,-1
2023-10-26 00:00:00+05:30,1.5000021046605354,0
2023-10-27 00:00:00+05:30,0.21885316379945888,0
2023-10-30 00:00:00+05:30,0.5695183273136311,0
2023-10-31 00:00:00+05:30,0.3793481509608994,0
2023-11-01 00:00:00+05:30,0.7355345030707666,0
2023-11-02 00:00:00+05:30,-1.962209302325571,0
2023-11-03 00:00:00+05:30,1.8421016938505124,0
2023-11-06 00:00:00+05:30,-3.1099153698429682,-1
2023-11-07 00:00:00+05:30,-0.29403116202697605,0
2023-11-08 00:00:00+05:30,3.9057947865117493,1
2023-11-09 00:00:00+05:30,-0.2988525095506924,0
2023-11-10 00:00:00+05:30,1.8233600844684876,0
2023-11-13 00:00:00+05:30,-2.0783581379554,0
2023-11-15 00:00:00+05:30,-0.4660999707582996,0
2023-11-16 00:00:00+05:30,-1.3380281690140878,0
2023-11-17 00:00:00+05:30,-0.4568183022171759,0
2023-11-20 00:00:00+05:30,-0.6733541843884274,0
2023-11-21 00:00:00+05:30,-1.4474026601637116,0
2023-11-22 00:00:00+05:30,-1.516038544323978,0
2023-11-23 00:00:00+05:30,-1.139055060211727,0
2023-11-24 00:00:00+05:30,0.9054438882899782,0
2023-11-28 00:00:00+05:30,-0.1608475773979093,0
2023-11-29 00:00:00+05:30,0.7581208611731886,0
2023-11-30 00:00:00+05:30,2.343751724671412,0
2023-12-01 00:00:00+05:30,-0.3672886751551927,0
2023-12-04 00:00:00+05:30,-0.11267433703785869,0
2023-12-05 00:00:00+05:30,-0.09839923854484786,0
2023-12-06 00:00:00+05:30,-1.3216472122056029,0
2023-12-07 00:00:00+05:30,-0.5600671984923548,0
2023-12-08 00:00:00+05:30,-2.2462445983714368,0
2023-12-11 00:00:00+05:30,-0.930698707442534,0
2023-12-12 00:00:00+05:30,-0.8052971562392822,0
2023-12-13 00:00:00+05:30,-0.028861790336401145,0
2023-12-14 00:00:00+05:30,-1.2535595146679113,0
2023-12-15 00:00:00+05:30,0.7009046753228128,0
2023-12-18 00:00:00+05:30,9.760561660981512,1
2023-12-19 00:00:00+05:30,-2.897432767427893,0
2023-12-20 00:00:00+05:30,-4.489527198032555,-1
2023-12-21 00:00:00+05:30,7.071838919832397,1
2023-12-22 00:00:00+05:30,-0.38981290217895154,0
2023-12-26 00:00:00+05:30,-1.9740275593547012,0
2023-12-27 00:00:00+05:30,-0.6594565971379468,0
2023-12-28 00:00:00+05:30,1.8102553419674532,0
2023-12-29 00:00:00+05:30,6.2133300781249945,1
2024-01-01 00:00:00+05:30,-1.2801220335462022,0
2024-01-02 00:00:00+05:30,0.47919139886112755,0
2024-01-03 00:00:00+05:30,-0.5638391351529952,0
2024-01-04 00:00:00+05:30,-0.3132832080200407,0
2024-01-05 00:00:00+05:30,-1.552323931947786,0
2024-01-08 00:00:00+05:30,-0.4681781936203927,0
2024-01-09 00:00:00+05:30,0.27707962305180445,0
2024-01-10 00:00:00+05:30,-2.1130237105331204,0
2024-01-11 00:00:00+05:30,0.16506461000813302,0
2024-01-12 00:00:00+05:30,1.7475437455694984,0
2024-01-15 00:00:00+05:30,-0.515338921108135,0
2024-01-16 00:00:00+05:30,-0.39326682549159636,0
2024-01-17 00:00:00+05:30,0.7750015258789064,0
2024-01-18 00:00:00+05:30,5.835807729897404,1
2024-01-19 00:00:00+05:30,2.6538373775636437,0
2024-01-23 00:00:00+05:30,0.5106369992519897,0
2024-01-24 00:00:00+05:30,3.537590761521235,1
2024-01-25 00:00:00+05:30,1.3849587583874847,0
2024-01-29 00:00:00+05:30,2.8218093597461626,0
2024-01-30 00:00:00+05:30,-0.846239890520572,0
2024-01-31 00:00:00+05:30,2.1918316478569015,0
2024-02-01 00:00:00+05:30,-1.0890151515151445,0
2024-02-02 00:00:00+05:30,-0.08571661086310386,0
2024-02-05 00:00:00+05:30,0.9835468293870568,0
2024-02-06 00:00:00+05:30,-0.4829191127774143,0
2024-02-07 00:00:00+05:30,-4.757449569690167,-1
2024-02-08 00:00:00+05:30,-0.7380109012174113,0
2024-02-09 00:00:00+05:30,-3.5311272172148516,-1
2024-02-12 00:00:00+05:30,-2.720881082925463,0
2024-02-13 00:00:00+05:30,-3.3852872331137167,-1
2024-02-14 00:00:00+05:30,5.734264420975667,1
2024-02-15 00:00:00+05:30,0.9504574736160143,0
2024-02-16 00:00:00+05:30,-0.05825005688713533,0
2024-02-19 00:00:00+05:30,-0.8027126526233065,0
2024-02-20 00:00:00+05:30,-0.009747059637026809,0
2024-02-21 00:00:00+05:30,-1.4057198254968455,0
2024-02-22 00:00:00+05:30,-1.8160492552900132,0
2024-02-23 00:00:00+05:30,1.3279184162383713,0
2024-02-26 00:00:00+05:30,0.02918143058610189,0
2024-02-27 00:00:00+05:30,0.3402352645212828,0
2024-02-28 00:00:00+05:30,-3.3758969593417767,-1
2024-02-29 00:00:00+05:30,3.1820020826250786,1
2024-03-01 00:00:00+05:30,-0.21072329232518816,0
2024-03-04 00:00:00+05:30,0.1819946756764906,0
2024-03-05 00:00:00+05:30,-0.23902858223953366,0
2024-03-06 00:00:00+05:30,-2.4616869930106517,0
2024-03-07 00:00:00+05:30,-1.9835046860543093,0
2024-03-11 00:00:00+05:30,-4.829170659339923,-1
2024-03-12 00:00:00+05:30,0.04292107447023756,0
2024-03-13 00:00:00+05:30,-6.72911292220338,-1
2024-03-14 00:00:00+05:30,0.267416450809458,0
2024-03-15 00:00:00+05:30,2.1335763981926665,0
2024-03-18 00:00:00+05:30,-2.429605321921988,0
2024-03-19 00:00:00+05:30,-4.927131250156185,-1
2024-03-20 00:00:00+05:30,-1.826543655271184,0
2024-03-21 00:00:00+05:30,-0.2650617116905085,0
2024-03-22 00:00:00+05:30,0.144677011882506,0
2024-03-26 00:00:00+05:30,0.8132011114208344,0
2024-03-27 00:00:00+05:30,0.5687189328161926,0
2024-03-28 00:00:00+05:30,0.44170496883504434,0
2024-04-01 00:00:00+05:30,-2.51136086203835,0
2024-04-02 00:00:00+05:30,-0.704385171586294,0
2024-04-03 00:00:00+05:30,-0.6120078282874,0
2024-04-04 00:00:00+05:30,-2.4078369140625053,0
2024-04-05 00:00:00+05:30,0.528976129708199,0
2024-04-08 00:00:00+05:30,-1.9186046511627783,0
2024-04-09 00:00:00+05:30,-1.6615573876492202,0
2024-04-10 00:00:00+05:30,0.7600979114088626,0
2024-04-12 00:00:00+05:30,-2.2287764639224594,0
2024-04-15 00:00:00+05:30,-0.9168704156479249,0
2024-04-16 00:00:00+05:30,3.408660627722821,1
2024-04-18 00:00:00+05:30,-1.8280842113725624,0
2024-04-19 00:00:00+05:30,0.23614522392681378,0
2024-04-22 00:00:00+05:30,0.6341478301257671,0
2024-04-23 00:00:00+05:30,-2.1302392109724875,0
2024-04-24 00:00:00+05:30,-0.768291194264484,0
2024-04-25 00:00:00+05:30,1.2958405361781786,0
2024-04-26 00:00:00+05:30,-1.6810759132095743,0
2024-04-29 00:00:00+05:30,-2.102354575532164,0
2024-04-30 00:00:00+05:30,2.9268292682926824,0
2024-05-02 00:00:00+05:30,1.781261184524193,0
2024-05-03 00:00:00+05:30,-2.1662763466042123,0
2024-05-06 00:00:00+05:30,-2.0945541591861168,0
2024-05-07 00:00:00+05:30,-4.352053106671738,-1
2024-05-08 00:00:00+05:30,-1.5331779942543418,0
2024-05-09 00:00:00+05:30,-2.2512407445195963,0
2024-05-10 00:00:00+05:30,-2.402934071920216,0
2024-05-13 00:00:00+05:30,4.893177119228125,1
2024-05-14 00:00:00+05:30,0.1433753347804598,0
2024-05-15 00:00:00+05:30,0.43819606546268663,0
2024-05-16 00:00:00+05:30,1.3537644426484778,0
2024-05-17 00:00:00+05:30,1.0886045045490305,0
2024-05-21 00:00:00+05:30,-0.9185548071034941,0
2024-05-22 00:00:00+05:30,-0.12940889246324017,0
2024-05-23 00:00:00+05:30,-2.183095726048998,0
2024-05-24 00:00:00+05:30,-0.5617919327075308,0
2024-05-27 00:00:00+05:30,-0.03562800391551785,0
2024-05-28 00:00:00+05:30,-1.8044637796417078,0
2024-05-29 00:00:00+05:30,-1.618705035971229,0
2024-05-30 00:00:00+05:30,-2.5103021810261503,0
2024-05-31 00:00:00+05:30,0.01233657242419268,0
2024-06-03 00:00:00+05:30,-3.858822093290441,-1
2024-06-04 00:00:00+05:30,-9.248483368844695,-1
2024-06-05 00:00:00+05:30,2.935832291435663,0
2024-06-06 00:00:00+05:30,-0.28678152032029236,0
2024-06-07 00:00:00+05:30,1.2004965602761357,0
2024-06-10 00:00:00+05:30,-0.45012313954149497,0
2024-06-11 00:00:00+05:30,-1.6775239908831778,0
2024-06-12 00:00:00+05:30,-0.9658912065349153,0
2024-06-13 00:00:00+05:30,-1.4240088305420884,0
2024-06-14 00:00:00+05:30,-0.6849315068492937,0
2024-06-18 00:00:00+05:30,-0.06228977107216821,0
2024-06-19 00:00:00+05:30,-2.5310203987670556,0
2024-06-20 00:00:00+05:30,-0.1899215020490965,0
2024-06-21 00:00:00+05:30,0.16382958953609192,0
2024-06-24 00:00:00+05:30,-1.4194181810709978,0
2024-06-25 00:00:00+05:30,2.189689650799676,0
2024-06-26 00:00:00+05:30,-1.464018336596602,0
2024-06-27 00:00:00+05:30,-1.3279925405894766,0
2024-06-28 00:00:00+05:30,8.004525406401857,1
2024-07-01 00:00:00+05:30,2.4827558144755852,0
2024-07-02 00:00:00+05:30,1.1819844742840113,0
2024-07-03 00:00:00+05:30,-0.3956017127403808,0
2024-07-04 00:00:00+05:30,1.5886984765048777,0
2024-07-05 00:00:00+05:30,-0.7819300936665552,0
2024-07-08 00:00:00+05:30,-0.3612070798110906,0
2024-07-09 00:00:00+05:30,-1.754385964912277,0
2024-07-10 00:00:00+05:30,1.5225619463092765,0
2024-07-11 00:00:00+05:30,-0.2167316890395197,0
2024-07-12 00:00:00+05:30,-2.654291746865309,0
2024-07-15 00:00:00+05:30,4.306685762472809,1
2024-07-16 00:00:00+05:30,-2.1512098772290154,0
2024-07-18 00:00:00+05:30,-2.78481270190533,0
2024-07-19 00:00:00+05:30,-3.081813551451565,-1
2024-07-22 00:00:00+05:30,0.01136086203835203,0
2024-07-23 00:00:00+05:30,-2.442349233004457,0
2024-07-24 00:00:00+05:30,3.4084290639620987,1
2024-07-25 00:00:00+05:30,-0.40908813476561573,0
2024-07-26 00:00:00+05:30,1.9623565649353254,0
2024-07-29 00:00:00+05:30,-1.2178798228002667,0
2024-07-30 00:00:00+05:30,0.8019921742904439,0
2024-07-31 00:00:00+05:30,-0.758673199328375,0
2024-08-01 00:00:00+05:30,-2.5446414947509766,0
2024-08-02 00:00:00+05:30,-0.20833192048249424,0
2024-08-05 00:00:00+05:30,-3.884175307102875,-1
2024-08-06 00:00:00+05:30,-4.16914545708945,-1
2024-08-07 00:00:00+05:30,0.27710696300828314,0
2024-08-08 00:00:00+05:30,-1.8795151308358298,0
2024-08-09 00:00:00+05:30,-0.5917903881717858,0
2024-08-12 00:00:00+05:30,-2.6840710708700017,0
2024-08-13 00:00:00+05:30,-2.289143303728545,0
2024-08-14 00:00:00+05:30,-1.8453850115921135,0
2024-08-16 00:00:00+05:30,-0.8625030517577983,0
2024-08-19 00:00:00+05:30,0.9358622125677581,0
2024-08-20 00:00:00+05:30,-0.8935113577685129,0
2024-08-21 00:00:00+05:30,2.3529426724303004,0
2024-08-22 00:00:00+05:30,-1.2829636433333953,0
2024-08-23 00:00:00+05:30,-1.7067322364220254,0
2024-08-26 00:00:00+05:30,-0.6705681441286926,0
2024-08-27 00:00:00+05:30,0.45398922785659507,0
2024-08-28 00:00:00+05:30,-1.1803373510726802,0
2024-08-29 00:00:00+05:30,-0.9591721195133049,0
2024-08-30 00:00:00+05:30,-1.136084507991273,0
2024-09-02 00:00:00+05:30,-1.059371238637014,0
2024-09-03 00:00:00+05:30,0.4104028016815068,0
2024-09-04 00:00:00+05:30,3.0927866313671895,1
2024-09-05 00:00:00+05:30,0.11920371568691504,0
2024-09-06 00:00:00+05:30,-1.4017567075411772,0
2024-09-09 00:00:00+05:30,0.8554187452936883,0
2024-09-10 00:00:00+05:30,0.41239542237053867,0
2024-09-11 00:00:00+05:30,-2.1471681202658965,0
2024-09-12 00:00:00+05:30,-0.011845448570780369,0
2024-09-13 00:00:00+05:30,4.635525873888765,1
2024-09-16 00:00:00+05:30,-0.5955042464009831,0
2024-09-17 00:00:00+05:30,-4.483707960898662,-1
2024-09-18 00:00:00+05:30,-1.4282451324252674,0
2024-09-19 00:00:00+05:30,-1.539173454716624,0
2024-09-20 00:00:00+05:30,0.8120469906766545,0
2024-09-23 00:00:00+05:30,-1.92866694384346,0
2024-09-24 00:00:00+05:30,-1.289943717640519,0
2024-09-25 00:00:00+05:30,2.7333522019245233,0
2024-09-26 00:00:00+05:30,-0.8670520231213872,0
2024-09-27 00:00:00+05:30,1.0727626479636285,0
2024-09-30 00:00:00+05:30,-0.3355732901063369,0
2024-10-01 00:00:00+05:30,-0.51126696534132,0
2024-10-03 00:00:00+05:30,-1.1546186708444617,0
2024-10-04 00:00:00+05:30,-1.6747558001175666,0
2024-10-07 00:00:00+05:30,-4.227941176470589,-1
2024-10-08 00:00:00+05:30,2.109434894208722,0
2024-10-09 00:00:00+05:30,0.2109196286639268,0
2024-10-10 00:00:00+05:30,-2.0935960591133003,0
2024-10-11 00:00:00+05:30,1.0679733307280215,0
2024-10-14 00:00:00+05:30,0.4198003798513161,0
2024-10-15 00:00:00+05:30,-0.147034825116061,0
2024-10-16 00:00:00+05:30,-0.38055188790152084,0
2024-10-17 00:00:00+05:30,-1.5776412679541927,0
2024-10-18 00:00:00+05:30,1.317626323945972,0
2024-10-21 00:00:00+05:30,-0.262603049773365,0
2024-10-22 00:00:00+05:30,-1.8170426065162906,0
2024-10-23 00:00:00+05:30,1.1276749458238822,0
2024-10-24 00:00:00+05:30,-1.256086598261696,0
2024-10-25 00:00:00+05:30,-2.857142857142857,0
2024-10-28 00:00:00+05:30,0.5690072414330896,0
2024-10-29 00:00:00+05:30,-0.20887409738085982,0
2024-10-30 00:00:00+05:30,2.220776050121768,0
2024-10-31 00:00:00+05:30,1.391907132407542,0
2024-11-01 00:00:00+05:30,-0.4005021535708698,0
2024-11-04 00:00:00+05:30,-1.721755937772523,0
2024-11-05 00:00:00+05:30,-0.21795028295272437,0
2024-11-06 00:00:00+05:30,5.783782134184967,1
2024-11-07 00:00:00+05:30,-1.1024196712066452,0
2024-11-08 00:00:00+05:30,-3.21794558794069,-1
2024-11-11 00:00:00+05:30,-0.622270923208254,0
2024-11-12 00:00:00+05:30,-1.7414264125371042,0
2024-11-13 00:00:00+05:30,-2.192921843220692,0
2024-11-14 00:00:00+05:30,0.5502063273727648,0
2024-11-18 00:00:00+05:30,1.401620540978789,0
2024-11-19 00:00:00+05:30,1.0102401627561075,0
2024-11-21 00:00:00+05:30,-4.7299109899950444,-1
2024-11-22 00:00:00+05:30,-0.09679867176151129,0
2024-11-25 00:00:00+05:30,-1.3517167024877643,0
2024-11-26 00:00:00+05:30,1.076297604095724,0
2024-11-27 00:00:00+05:30,0.2801543075627913,0
2024-11-28 00:00:00+05:30,0.09283981525613395,0
2024-11-29 00:00:00+05:30,0.79155672823219,0
2024-12-02 00:00:00+05:30,0.3925160340068762,0
2024-12-03 00:00:00+05:30,1.1027504066700942,0
2024-12-04 00:00:00+05:30,0.39344783473547223,0
2024-12-05 00:00:00+05:30,-1.0192571406408204,0
2024-12-06 00:00:00+05:30,-0.6060590647687816,0
2024-12-09 00:00:00+05:30,7.169233244380416,1
2024-12-10 00:00:00+05:30,-2.5383707201889023,0
2024-12-11 00:00:00+05:30,-1.5098441395561912,0
2024-12-12 00:00:00+05:30,0.08568080869415545,0
2024-12-13 00:00:00+05:30,-1.8963019156848857,0
2024-12-16 00:00:00+05:30,-0.43699631455229143,0
2024-12-17 00:00:00+05:30,-0.1463429520769817,0
2024-12-18 00:00:00+05:30,-2.5387511415690094,0
2024-12-19 00:00:00+05:30,0.06328313067333034,0
2024-12-20 00:00:00+05:30,-4.02067348531042,-1
2024-12-23 00:00:00+05:30,1.9435308986170388,0
2024-12-24 00:00:00+05:30,-1.5930143917193065,0
2024-12-26 00:00:00+05:30,-1.3462814775485288,0
2024-12-27 00:00:00+05:30,0.6286077765313901,0
2024-12-30 00:00:00+05:30,1.8867924528301887,0
2024-12-31 00:00:00+05:30,-0.7535152508381081,0
2025-01-01 00:00:00+05:30,-0.5527765385229194,0
2025-01-02 00:00:00+05:30,0.5686911347403463,0
2025-01-03 00:00:00+05:30,-0.6538430238381265,0
2025-01-06 00:00:00+05:30,-4.101115273004404,-1
2025-01-07 00:00:00+05:30,0.2814980678200555,0
2025-01-08 00:00:00+05:30,0.06670224336775978,0
2025-01-09 00:00:00+05:30,-0.6700616347099125,0
2025-01-10 00:00:00+05:30,-1.9464671014479566,0
2025-01-13 00:00:00+05:30,-0.8538684788115574,0
2025-01-14 00:00:00+05:30,2.3012830825761976,0
2025-01-15 00:00:00+05:30,-1.7588960126394222,0
2025-01-16 00:00:00+05:30,-0.4544185813133597,0
2025-01-17 00:00:00+05:30,-0.5948331280816408,0
2025-01-20 00:00:00+05:30,-0.39955406829427204,0
2025-01-21 00:00:00+05:30,-1.3628887777155967,0
2025-01-22 00:00:00+05:30,-4.731777773598693,-1
2025-01-23 00:00:00+05:30,0.35919540229885055,0
2025-01-24 00:00:00+05:30,-2.4786359564191596,0
2025-01-27 00:00:00+05:30,-4.999996366954986,-1
2025-01-28 00:00:00+05:30,-3.8449478048283026,-1
2025-01-29 00:00:00+05:30,2.503244972908705,0
2025-01-30 00:00:00+05:30,-0.8552461522429791,0
2025-01-31 00:00:00+05:30,0.49058007060721237,0
2025-02-01 00:00:00+05:30,1.2501952953237285,0
2025-02-03 00:00:00+05:30,-2.890625,0
2025-02-04 00:00:00+05:30,0.4166627541566506,0
2025-02-05 00:00:00+05:30,3.079975961912609,1
2025-02-06 00:00:00+05:30,-0.0642609500502008,0
2025-02-07 00:00:00+05:30,-2.3664931644336233,0
2025-02-10 00:00:00+05:30,-2.301295306050908,0
2025-02-11 00:00:00+05:30,-1.2876274593697743,0
2025-02-12 00:00:00+05:30,-1.030749528854582,0
2025-02-13 00:00:00+05:30,-0.4747351391861337,0
2025-02-14 00:00:00+05:30,-2.6621118747333616,0
2025-02-17 00:00:00+05:30,-0.7373510098125591,0
2025-02-18 00:00:00+05:30,-0.6842148094846491,0
2025-02-19 00:00:00+05:30,1.6781488093453982,0
2025-02-20 00:00:00+05:30,2.432244717479108,0
2025-02-21 00:00:00+05:30,-0.5109862246214437,0
2025-02-24 00:00:00+05:30,-1.3049512882043488,0
2025-02-25 00:00:00+05:30,-1.4917563895815265,0
2025-02-27 00:00:00+05:30,-3.8346504473120056,-1
2025-02-28 00:00:00+05:30,-2.5749493628241913,0
2025-03-03 00:00:00+05:30,-4.37736079377947,-1
2025-03-04 00:00:00+05:30,3.7649451024028884,1
2025-03-05 00:00:00+05:30,3.0019143799294934,1
2025-03-06 00:00:00+05:30,0.22030699102961385,0
2025-03-07 00:00:00+05:30,2.435895200177427,0
2025-03-10 00:00:00+05:30,-4.045420294645171,-1
2025-03-11 00:00:00+05:30,-0.31435137673894614,0
2025-03-12 00:00:00+05:30,0.3704389534285613,0
2025-03-13 00:00:00+05:30,-1.143913691334179,0
