Open,High,Low,Close,Volume,Dividends,Stock Splits,Capital Gains
56.75,56.75,56.75,56.75,166053,0.0,0.0,0.0
53.95000076293945,53.95000076293945,53.95000076293945,53.95000076293945,22367,0.0,0.0,0.0
51.29999923706055,51.29999923706055,51.29999923706055,51.29999923706055,114959,0.0,0.0,0.0
48.75,48.75,48.75,48.75,34721,0.0,0.0,0.0
46.349998474121094,46.349998474121094,46.349998474121094,46.349998474121094,34391,0.0,0.0,0.0
44.04999923706055,48.650001525878906,44.04999923706055,45.04999923706055,17528281,0.0,0.0,0.0
42.79999923706055,42.79999923706055,42.79999923706055,42.79999923706055,188879,0.0,0.0,0.0
40.70000076293945,40.70000076293945,40.70000076293945,40.70000076293945,151356,0.0,0.0,0.0
38.70000076293945,38.70000076293945,38.70000076293945,38.70000076293945,47419,0.0,0.0,0.0
36.79999923706055,40.599998474121094,36.79999923706055,39.900001525878906,4098216,0.0,0.0,0.0
41.75,41.849998474121094,37.95000076293945,40.849998474121094,2827039,0.0,0.0,0.0
39.349998474121094,42.75,38.849998474121094,39.95000076293945,3615870,0.0,0.0,0.0
40.5,41.900001525878906,39.599998474121094,40.849998474121094,2298144,0.0,0.0,0.0
41.099998474121094,42.5,39.25,39.75,1592992,0.0,0.0,0.0
40.0,41.5,39.04999923706055,40.79999923706055,1648422,0.0,0.0,0.0
41.400001525878906,42.79999923706055,41.099998474121094,42.650001525878906,2135974,0.0,0.0,0.0
42.95000076293945,44.75,40.54999923706055,42.54999923706055,5297719,0.0,0.0,0.0
43.099998474121094,44.650001525878906,43.04999923706055,44.650001525878906,1268917,0.0,0.0,0.0
46.70000076293945,46.849998474121094,43.0,45.04999923706055,2058853,0.0,0.0,0.0
45.95000076293945,47.29999923706055,45.95000076293945,47.29999923706055,1196573,0.0,0.0,0.0
48.45000076293945,49.650001525878906,47.54999923706055,49.650001525878906,1100677,0.0,0.0,0.0
52.099998474121094,52.099998474121094,50.95000076293945,52.099998474121094,1327155,0.0,0.0,0.0
52.900001525878906,54.70000076293945,52.45000076293945,54.70000076293945,1247532,0.0,0.0,0.0
55.20000076293945,56.900001525878906,52.0,56.099998474121094,3188025,0.0,0.0,0.0
57.20000076293945,58.900001525878906,56.349998474121094,58.900001525878906,1463932,0.0,0.0,0.0
61.349998474121094,61.79999923706055,59.5,61.79999923706055,2064771,0.0,0.0,0.0
61.29999923706055,63.0,60.0,62.54999923706055,2992273,0.0,0.0,0.0
62.0,64.0999984741211,61.70000076293945,62.95000076293945,2737479,0.0,0.0,0.0
63.400001525878906,64.0999984741211,60.150001525878906,60.400001525878906,2373263,0.0,0.0,0.0
60.75,61.5,57.599998474121094,60.0,2677069,0.0,0.0,0.0
60.95000076293945,61.0,57.0,58.29999923706055,1986084,0.0,0.0,0.0
56.25,56.95000076293945,55.400001525878906,55.400001525878906,319004,0.0,0.0,0.0
52.70000076293945,54.400001525878906,52.650001525878906,52.650001525878906,596183,0.0,0.0,0.0
50.04999923706055,51.54999923706055,50.04999923706055,50.04999923706055,626572,0.0,0.0,0.0
47.54999923706055,51.900001525878906,47.54999923706055,47.54999923706055,1186318,0.0,0.0,0.0
48.400001525878906,49.900001525878906,47.79999923706055,48.099998474121094,1775268,0.0,0.0,0.0
49.0,50.099998474121094,46.5,47.099998474121094,611453,0.0,0.0,0.0
46.900001525878906,46.900001525878906,44.75,45.04999923706055,652334,0.0,0.0,0.0
47.099998474121094,47.29999923706055,45.5,47.20000076293945,1242688,0.0,0.0,0.0
47.25,48.79999923706055,44.849998474121094,45.099998474121094,1169785,0.0,0.0,0.0
45.5,45.70000076293945,43.29999923706055,43.79999923706055,1599860,0.0,0.0,0.0
43.849998474121094,43.849998474121094,41.650001525878906,41.70000076293945,501332,0.0,0.0,0.0
41.900001525878906,42.900001525878906,40.04999923706055,40.650001525878906,845774,0.0,0.0,0.0
40.099998474121094,41.79999923706055,40.099998474121094,41.099998474121094,713222,0.0,0.0,0.0
41.70000076293945,41.70000076293945,40.099998474121094,40.54999923706055,533952,0.0,0.0,0.0
40.45000076293945,42.54999923706055,38.54999923706055,41.0,4875500,0.0,0.0,0.0
41.45000076293945,43.04999923706055,40.20000076293945,43.04999923706055,1181850,0.0,0.0,0.0
44.0,45.20000076293945,43.650001525878906,45.20000076293945,1870002,0.0,0.0,0.0
46.45000076293945,47.45000076293945,42.95000076293945,43.04999923706055,7118988,0.0,0.0,0.0
42.849998474121094,43.20000076293945,41.599998474121094,42.599998474121094,1523860,0.0,0.0,0.0
43.599998474121094,44.599998474121094,43.04999923706055,43.79999923706055,1144968,0.0,0.0,0.0
44.400001525878906,44.650001525878906,43.20000076293945,44.25,851031,0.0,0.0,0.0
44.900001525878906,46.45000076293945,44.20000076293945,46.25,1503998,0.0,0.0,0.0
46.400001525878906,47.400001525878906,44.75,45.650001525878906,1002772,0.0,0.0,0.0
45.95000076293945,47.900001525878906,45.20000076293945,46.849998474121094,1665760,0.0,0.0,0.0
48.0,49.150001525878906,47.099998474121094,49.150001525878906,1478276,0.0,0.0,0.0
50.400001525878906,51.599998474121094,49.25,50.70000076293945,1777291,0.0,0.0,0.0
51.400001525878906,53.20000076293945,51.0,52.599998474121094,1480384,0.0,0.0,0.0
53.0,53.5,50.099998474121094,50.349998474121094,1140153,0.0,0.0,0.0
47.900001525878906,49.70000076293945,47.849998474121094,49.349998474121094,669701,0.0,0.0,0.0
49.5,49.79999923706055,47.849998474121094,48.099998474121094,376011,0.0,0.0,0.0
49.349998474121094,49.70000076293945,45.70000076293945,45.900001525878906,883278,0.0,0.0,0.0
45.0,46.70000076293945,44.5,45.349998474121094,545014,0.0,0.0,0.0
45.0,46.599998474121094,45.0,46.349998474121094,445040,0.0,0.0,0.0
46.95000076293945,48.650001525878906,45.5,48.650001525878906,1456286,0.0,0.0,0.0
51.04999923706055,51.04999923706055,51.04999923706055,51.04999923706055,296328,0.0,0.0,0.0
53.599998474121094,53.599998474121094,53.599998474121094,53.599998474121094,193098,0.0,0.0,0.0
56.25,56.25,51.5,52.20000076293945,4085962,0.0,0.0,0.0
52.0,54.79999923706055,50.5,54.349998474121094,2254425,0.0,0.0,0.0
55.400001525878906,56.45000076293945,53.099998474121094,53.25,1184750,0.0,0.0,0.0
53.0,53.900001525878906,50.599998474121094,50.95000076293945,1268499,0.0,0.0,0.0
51.29999923706055,52.349998474121094,48.5,48.79999923706055,865706,0.0,0.0,0.0
49.5,51.20000076293945,49.0,51.20000076293945,792773,0.0,0.0,0.0
53.75,53.75,53.75,53.75,192323,0.0,0.0,0.0
56.400001525878906,56.400001525878906,53.5,56.400001525878906,2726642,0.0,0.0,0.0
59.20000076293945,59.20000076293945,57.599998474121094,59.20000076293945,2561237,0.0,0.0,0.0
62.099998474121094,62.150001525878906,58.54999923706055,62.150001525878906,4894335,0.0,0.0,0.0
65.25,65.25,63.400001525878906,65.0999984741211,4777346,0.0,0.0,0.0
67.5,68.3499984741211,63.099998474121094,68.3499984741211,3836775,0.0,0.0,0.0
67.0,71.30000305175781,65.55000305175781,69.69999694824219,2524657,0.0,0.0,0.0
70.44999694824219,71.80000305175781,66.25,66.69999694824219,2088893,0.0,0.0,0.0
64.05000305175781,64.9000015258789,63.400001525878906,63.400001525878906,548312,0.0,0.0,0.0
61.04999923706055,66.55000305175781,60.25,60.650001525878906,4003244,0.0,0.0,0.0
63.349998474121094,63.349998474121094,57.650001525878906,58.04999923706055,2645018,0.0,0.0,0.0
58.0,60.95000076293945,57.400001525878906,60.400001525878906,2826370,0.0,0.0,0.0
61.5,62.79999923706055,59.20000076293945,59.599998474121094,1800466,0.0,0.0,0.0
60.400001525878906,62.20000076293945,57.5,59.099998474121094,3917796,0.0,0.0,0.0
59.0,60.0,56.5,57.25,2142457,0.0,0.0,0.0
57.04999923706055,57.5,55.0,55.25,1255300,0.0,0.0,0.0
55.5,55.70000076293945,52.5,52.95000076293945,1439043,0.0,0.0,0.0
53.150001525878906,54.70000076293945,50.900001525878906,53.25,1477039,0.0,0.0,0.0
53.849998474121094,54.900001525878906,51.29999923706055,51.900001525878906,1595775,0.0,0.0,0.0
52.099998474121094,54.0,51.5,52.099998474121094,1821524,0.0,0.0,0.0
52.900001525878906,53.20000076293945,50.79999923706055,51.04999923706055,836337,0.0,0.0,0.0
51.79999923706055,52.04999923706055,48.5,50.29999923706055,2260135,0.0,0.0,0.0
50.400001525878906,52.79999923706055,50.150001525878906,52.79999923706055,1151674,0.0,0.0,0.0
54.0,55.400001525878906,52.650001525878906,55.349998474121094,1879836,0.0,0.0,0.0
56.099998474121094,57.04999923706055,54.599998474121094,55.75,2011071,0.0,0.0,0.0
55.400001525878906,56.900001525878906,54.650001525878906,54.849998474121094,1399302,0.0,0.0,0.0
55.25,56.099998474121094,53.20000076293945,53.95000076293945,2235563,0.0,0.0,0.0
53.900001525878906,58.79999923706055,53.900001525878906,57.29999923706055,3682531,0.0,0.0,0.0
58.400001525878906,63.0,57.650001525878906,62.95000076293945,6718573,0.0,0.0,0.0
62.45000076293945,65.0,60.150001525878906,62.20000076293945,4705881,0.0,0.0,0.0
64.5,68.4000015258789,62.0,68.0999984741211,7796513,0.0,0.0,0.0
69.0,71.25,65.0,66.25,7461152,0.0,0.0,0.0
67.4000015258789,71.75,65.0999984741211,68.4000015258789,6867245,0.0,0.0,0.0
69.9000015258789,74.80000305175781,69.44999694824219,73.5999984741211,8313128,0.0,0.0,0.0
78.8499984741211,78.8499984741211,70.30000305175781,71.0999984741211,15116518,0.0,0.0,0.0
68.5,74.55000305175781,68.05000305175781,70.69999694824219,7279660,0.0,0.0,0.0
71.9000015258789,72.80000305175781,70.0999984741211,70.5,3038191,0.0,0.0,0.0
71.0,71.5,64.5,66.80000305175781,4874081,0.0,0.0,0.0
67.3499984741211,69.69999694824219,67.05000305175781,67.5,3797280,0.0,0.0,0.0
67.8499984741211,72.44999694824219,67.80000305175781,69.8499984741211,6669389,0.0,0.0,0.0
73.30000305175781,73.75,70.0,70.30000305175781,6359774,0.0,0.0,0.0
71.0,71.30000305175781,69.0999984741211,69.5999984741211,3358034,0.0,0.0,0.0
70.0,70.5,62.650001525878906,63.04999923706055,3972082,0.0,0.0,0.0
63.0,64.9000015258789,59.099998474121094,61.70000076293945,2701279,0.0,0.0,0.0
61.900001525878906,64.3499984741211,61.04999923706055,63.900001525878906,2120075,0.0,0.0,0.0
64.0,64.4000015258789,60.150001525878906,62.95000076293945,1487155,0.0,0.0,0.0
61.400001525878906,64.5,60.54999923706055,62.400001525878906,1848666,0.0,0.0,0.0
62.5,63.79999923706055,61.20000076293945,62.04999923706055,1933911,0.0,0.0,0.0
62.25,62.599998474121094,61.04999923706055,61.5,1071507,0.0,0.0,0.0
60.400001525878906,60.95000076293945,57.599998474121094,58.75,1831560,0.0,0.0,0.0
59.04999923706055,61.75,57.79999923706055,58.650001525878906,3091615,0.0,0.0,0.0
58.599998474121094,61.70000076293945,58.400001525878906,60.650001525878906,2045126,0.0,0.0,0.0
61.349998474121094,65.0,60.150001525878906,61.0,2683924,0.0,0.0,0.0
61.70000076293945,62.099998474121094,60.400001525878906,60.70000076293945,1339088,0.0,0.0,0.0
60.75,61.54999923706055,60.099998474121094,60.599998474121094,1129153,0.0,0.0,0.0
60.0,60.849998474121094,58.0,58.79999923706055,1846139,0.0,0.0,0.0
59.29999923706055,61.599998474121094,58.25,60.400001525878906,3459337,0.0,0.0,0.0
61.0,61.20000076293945,54.400001525878906,54.400001525878906,3162853,0.0,0.0,0.0
54.400001525878906,55.5,50.25,51.5,3053669,0.0,0.0,0.0
52.25,53.0,50.20000076293945,52.400001525878906,1496832,0.0,0.0,0.0
51.29999923706055,51.29999923706055,48.0,48.25,1954880,0.0,0.0,0.0
49.25,53.0,48.5,52.45000076293945,2123038,0.0,0.0,0.0
53.0,54.400001525878906,52.79999923706055,53.70000076293945,1317209,0.0,0.0,0.0
54.0,54.349998474121094,51.20000076293945,51.70000076293945,1261647,0.0,0.0,0.0
52.0,52.599998474121094,50.5,51.25,1169664,0.0,0.0,0.0
51.79999923706055,52.5,51.5,52.099998474121094,794089,0.0,0.0,0.0
52.54999923706055,53.25,50.20000076293945,51.099998474121094,1625468,0.0,0.0,0.0
51.79999923706055,53.75,50.25,51.900001525878906,2186867,0.0,0.0,0.0
52.0,52.400001525878906,50.5,50.650001525878906,1418607,0.0,0.0,0.0
51.45000076293945,51.75,49.599998474121094,50.400001525878906,1078749,0.0,0.0,0.0
50.5,51.5,49.5,50.150001525878906,1596156,0.0,0.0,0.0
50.95000076293945,51.25,49.0,49.150001525878906,2266265,0.0,0.0,0.0
49.349998474121094,49.95000076293945,48.25,48.45000076293945,1448314,0.0,0.0,0.0
48.150001525878906,49.599998474121094,47.25,49.150001525878906,1596328,0.0,0.0,0.0
49.349998474121094,50.54999923706055,47.400001525878906,47.849998474121094,1452351,0.0,0.0,0.0
48.20000076293945,48.70000076293945,46.849998474121094,47.849998474121094,1368180,0.0,0.0,0.0
48.20000076293945,48.599998474121094,47.45000076293945,47.650001525878906,1345725,0.0,0.0,0.0
47.25,48.400001525878906,46.900001525878906,47.849998474121094,1426421,0.0,0.0,0.0
48.29999923706055,51.849998474121094,47.79999923706055,50.650001525878906,3972089,0.0,0.0,0.0
50.349998474121094,52.0,49.75,51.349998474121094,2577490,0.0,0.0,0.0
51.79999923706055,52.099998474121094,50.5,50.849998474121094,1464957,0.0,0.0,0.0
51.04999923706055,51.099998474121094,48.25,48.849998474121094,1555092,0.0,0.0,0.0
48.400001525878906,50.900001525878906,48.20000076293945,50.25,1736707,0.0,0.0,0.0
49.900001525878906,50.04999923706055,47.75,48.20000076293945,1531097,0.0,0.0,0.0
47.599998474121094,48.349998474121094,47.150001525878906,47.849998474121094,863190,0.0,0.0,0.0
47.599998474121094,49.0,46.75,47.650001525878906,1425201,0.0,0.0,0.0
48.0,48.400001525878906,47.5,47.75,931399,0.0,0.0,0.0
47.900001525878906,48.75,46.5,46.900001525878906,1127262,0.0,0.0,0.0
46.75,47.900001525878906,46.29999923706055,47.20000076293945,1142640,0.0,0.0,0.0
47.70000076293945,48.5,47.099998474121094,47.650001525878906,1198641,0.0,0.0,0.0
47.54999923706055,49.70000076293945,47.54999923706055,48.25,1958372,0.0,0.0,0.0
48.45000076293945,49.599998474121094,48.400001525878906,48.849998474121094,1362114,0.0,0.0,0.0
49.45000076293945,49.45000076293945,48.0,48.349998474121094,1242611,0.0,0.0,0.0
48.650001525878906,49.25,47.79999923706055,48.29999923706055,1071800,0.0,0.0,0.0
48.45000076293945,57.95000076293945,48.150001525878906,55.099998474121094,24327920,0.0,0.0,0.0
57.0,63.900001525878906,56.400001525878906,60.20000076293945,27352126,0.0,0.0,0.0
63.0,64.69999694824219,61.849998474121094,63.25,8002698,0.0,0.0,0.0
63.900001525878906,63.900001525878906,59.75,60.099998474121094,8191752,0.0,0.0,0.0
59.5,62.70000076293945,58.150001525878906,60.95000076293945,6967951,0.0,0.0,0.0
60.45000076293945,63.400001525878906,59.599998474121094,61.20000076293945,7428853,0.0,0.0,0.0
61.75,61.95000076293945,60.5,61.0,2997359,0.0,0.0,0.0
61.25,61.5,59.5,59.95000076293945,2356037,0.0,0.0,0.0
60.29999923706055,62.599998474121094,59.79999923706055,60.849998474121094,4366609,0.0,0.0,0.0
61.20000076293945,62.150001525878906,59.150001525878906,59.849998474121094,3831527,0.0,0.0,0.0
60.20000076293945,61.0,59.400001525878906,60.54999923706055,3155429,0.0,0.0,0.0
60.79999923706055,66.75,60.75,64.75,11658537,0.0,0.0,0.0
65.0999984741211,70.94999694824219,65.05000305175781,69.69999694824219,12434966,0.0,0.0,0.0
70.5,71.5,67.19999694824219,68.30000305175781,5248008,0.0,0.0,0.0
68.6500015258789,72.4000015258789,68.5,70.44999694824219,6773312,0.0,0.0,0.0
71.19999694824219,71.69999694824219,67.5,69.0999984741211,3886545,0.0,0.0,0.0
68.75,72.0,68.6500015258789,71.5,8211939,0.0,0.0,0.0
71.80000305175781,72.25,67.55000305175781,69.55000305175781,5433221,0.0,0.0,0.0
70.0,70.75,68.1500015258789,68.8499984741211,4101030,0.0,0.0,0.0
68.80000305175781,69.30000305175781,65.25,67.1500015258789,3531542,0.0,0.0,0.0
67.5,69.44999694824219,66.30000305175781,68.0,3685135,0.0,0.0,0.0
68.25,69.5,68.19999694824219,68.6500015258789,3384102,0.0,0.0,0.0
68.69999694824219,69.0,67.1500015258789,68.6500015258789,2459765,0.0,0.0,0.0
69.55000305175781,80.05000305175781,68.8499984741211,76.30000305175781,28954893,0.0,0.0,0.0
77.0,79.5,74.5999984741211,75.0,10102760,0.0,0.0,0.0
74.9000015258789,75.80000305175781,71.94999694824219,73.05000305175781,4984390,0.0,0.0,0.0
72.5999984741211,75.80000305175781,63.099998474121094,67.1500015258789,8414941,0.0,0.0,0.0
67.05000305175781,69.9000015258789,64.05000305175781,68.0,4469540,0.0,0.0,0.0
68.5,72.44999694824219,67.69999694824219,71.1500015258789,6649573,0.0,0.0,0.0
71.80000305175781,74.69999694824219,70.19999694824219,72.44999694824219,8110677,0.0,0.0,0.0
73.4000015258789,82.3499984741211,73.0,78.3499984741211,17025823,0.0,0.0,0.0
79.0,79.44999694824219,75.5,76.5999984741211,6720247,0.0,0.0,0.0
76.5999984741211,80.8499984741211,74.69999694824219,79.30000305175781,7770515,0.0,0.0,0.0
79.0999984741211,83.5,79.0999984741211,82.19999694824219,13404607,0.0,0.0,0.0
81.3499984741211,83.25,80.0,80.6500015258789,6193754,0.0,0.0,0.0
81.05000305175781,81.80000305175781,79.0,80.9000015258789,5625709,0.0,0.0,0.0
80.1500015258789,80.9000015258789,77.5,78.9000015258789,6031441,0.0,0.0,0.0
79.0,80.8499984741211,77.19999694824219,78.4000015258789,5918487,0.0,0.0,0.0
82.0,91.75,81.19999694824219,89.55000305175781,52130617,0.0,0.0,0.0
90.44999694824219,91.5,85.55000305175781,86.44999694824219,20735803,0.0,0.0,0.0
86.5999984741211,87.3499984741211,83.44999694824219,84.4000015258789,7676370,0.0,0.0,0.0
83.69999694824219,88.75,83.4000015258789,85.1500015258789,9914747,0.0,0.0,0.0
85.44999694824219,86.6500015258789,81.55000305175781,83.75,8786802,0.0,0.0,0.0
83.75,85.8499984741211,83.0999984741211,83.80000305175781,5297595,0.0,0.0,0.0
83.9000015258789,84.9000015258789,80.19999694824219,80.55000305175781,6593867,0.0,0.0,0.0
80.8499984741211,81.69999694824219,77.5999984741211,78.0999984741211,5122556,0.0,0.0,0.0
81.0,87.9000015258789,81.0,87.1500015258789,24075941,0.0,0.0,0.0
86.80000305175781,88.80000305175781,84.0999984741211,84.75,8632923,0.0,0.0,0.0
85.0999984741211,85.8499984741211,81.05000305175781,81.6500015258789,4824808,0.0,0.0,0.0
81.25,82.5,76.6500015258789,78.44999694824219,6832613,0.0,0.0,0.0
79.19999694824219,80.55000305175781,76.0999984741211,77.3499984741211,4628174,0.0,0.0,0.0
77.4000015258789,80.5,76.0999984741211,78.75,5672011,0.0,0.0,0.0
77.8499984741211,78.69999694824219,75.5,76.19999694824219,3574088,0.0,0.0,0.0
77.0,78.19999694824219,73.80000305175781,74.44999694824219,4530531,0.0,0.0,0.0
74.94999694824219,80.8499984741211,73.5999984741211,80.3499984741211,8206537,0.0,0.0,0.0
81.0,84.3499984741211,78.5,79.05000305175781,7009838,0.0,0.0,0.0
79.80000305175781,82.5999984741211,78.19999694824219,81.8499984741211,5253710,0.0,0.0,0.0
82.0,85.9000015258789,80.5,84.0,8368351,0.0,0.0,0.0
84.69999694824219,85.4000015258789,80.5999984741211,82.55000305175781,4281453,0.0,0.0,0.0
83.30000305175781,87.69999694824219,82.0,86.19999694824219,9397644,0.0,0.0,0.0
86.5,88.5999984741211,84.3499984741211,86.30000305175781,9670533,0.0,0.0,0.0
86.30000305175781,87.44999694824219,83.5999984741211,84.80000305175781,4036738,0.0,0.0,0.0
84.69999694824219,86.30000305175781,83.5,83.8499984741211,3100687,0.0,0.0,0.0
84.19999694824219,84.8499984741211,81.44999694824219,81.9000015258789,3321776,0.0,0.0,0.0
82.44999694824219,83.19999694824219,81.0,81.25,2634697,0.0,0.0,0.0
81.55000305175781,87.19999694824219,81.30000305175781,85.0999984741211,5455611,0.0,0.0,0.0
84.0999984741211,84.9000015258789,81.9000015258789,82.3499984741211,3820782,0.0,0.0,0.0
82.94999694824219,85.3499984741211,82.1500015258789,83.75,4507246,0.0,0.0,0.0
83.5999984741211,85.75,80.4000015258789,81.6500015258789,6717766,0.0,0.0,0.0
81.8499984741211,83.0999984741211,79.55000305175781,80.8499984741211,3409209,0.0,0.0,0.0
81.69999694824219,83.75,81.30000305175781,82.75,3966380,0.0,0.0,0.0
83.25,84.5999984741211,82.44999694824219,83.1500015258789,2752656,0.0,0.0,0.0
86.0,95.3499984741211,86.0,92.80000305175781,30306966,0.0,0.0,0.0
90.5,92.80000305175781,87.30000305175781,89.25,12158174,0.0,0.0,0.0
90.75,97.8499984741211,88.69999694824219,94.19999694824219,16467898,0.0,0.0,0.0
95.0,102.5,94.55000305175781,99.80000305175781,16205769,0.0,0.0,0.0
100.94999694824219,107.75,97.19999694824219,105.25,19366197,0.0,0.0,0.0
103.0,119.5,102.0,115.8499984741211,31634884,0.0,0.0,0.0
116.44999694824219,124.8499984741211,112.0999984741211,120.0999984741211,19518704,0.0,0.0,0.0
121.3499984741211,125.5,114.1500015258789,115.0999984741211,12397915,0.0,0.0,0.0
115.9000015258789,117.80000305175781,109.0,114.0,15758790,0.0,0.0,0.0
115.0,118.0,111.5,114.94999694824219,12477143,0.0,0.0,0.0
115.0,115.80000305175781,103.0,104.1500015258789,14490006,0.0,0.0,0.0
105.0,108.44999694824219,96.69999694824219,100.30000305175781,19056758,0.0,0.0,0.0
101.0,106.0999984741211,98.55000305175781,99.55000305175781,16124659,0.0,0.0,0.0
99.9000015258789,101.94999694824219,90.69999694824219,91.5999984741211,13128416,0.0,0.0,0.0
93.30000305175781,96.4000015258789,90.0,91.19999694824219,11382345,0.0,0.0,0.0
89.94999694824219,93.9000015258789,85.30000305175781,92.75,10901099,0.0,0.0,0.0
93.19999694824219,95.9000015258789,88.4000015258789,89.5,12214149,0.0,0.0,0.0
90.0,93.5,89.44999694824219,90.1500015258789,13149456,0.0,0.0,0.0
89.9000015258789,91.8499984741211,84.0,84.44999694824219,13441813,0.0,0.0,0.0
84.94999694824219,85.19999694824219,81.4000015258789,82.6500015258789,12478099,0.0,0.0,0.0
83.5,87.1500015258789,82.4000015258789,83.19999694824219,13629972,0.0,0.0,0.0
84.55000305175781,85.0,78.6500015258789,79.94999694824219,8188087,0.0,0.0,0.0
80.5,83.3499984741211,78.5999984741211,81.0999984741211,15266591,0.0,0.0,0.0
82.30000305175781,91.0,81.55000305175781,88.30000305175781,23275713,0.0,0.0,0.0
88.1500015258789,88.1500015258789,82.69999694824219,84.1500015258789,8277681,0.0,0.0,0.0
85.0,86.30000305175781,80.5999984741211,81.4000015258789,12470429,0.0,0.0,0.0
82.05000305175781,87.0,82.0,84.5999984741211,12356943,0.0,0.0,0.0
85.5,86.69999694824219,83.5,84.6500015258789,6750052,0.0,0.0,0.0
84.6500015258789,87.75,84.5,85.4000015258789,6429222,0.0,0.0,0.0
82.75,82.75,74.69999694824219,77.0999984741211,10877902,0.0,0.0,0.0
78.19999694824219,80.9000015258789,76.80000305175781,79.69999694824219,6150099,0.0,0.0,0.0
79.0,79.69999694824219,76.5,78.0999984741211,4211760,0.0,0.0,0.0
78.1500015258789,82.4000015258789,78.1500015258789,79.3499984741211,7982525,0.0,0.0,0.0
75.5,76.30000305175781,72.5,73.94999694824219,5947172,0.0,0.0,0.0
75.5,77.5,74.80000305175781,76.05000305175781,5173126,0.0,0.0,0.0
75.25,81.6500015258789,74.69999694824219,79.80000305175781,11957533,0.0,0.0,0.0
79.5,81.30000305175781,77.5999984741211,79.55000305175781,4874360,0.0,0.0,0.0
82.0,84.4000015258789,81.1500015258789,82.05000305175781,12385844,0.0,0.0,0.0
81.9000015258789,82.9000015258789,81.05000305175781,81.5,4182029,0.0,0.0,0.0
82.1500015258789,83.9000015258789,79.80000305175781,80.0999984741211,7968171,0.0,0.0,0.0
80.9000015258789,81.69999694824219,77.4000015258789,77.9000015258789,5568774,0.0,0.0,0.0
76.80000305175781,79.0,76.5,77.30000305175781,4902922,0.0,0.0,0.0
76.5,81.19999694824219,76.30000305175781,79.19999694824219,6054822,0.0,0.0,0.0
80.0,80.80000305175781,77.0,77.44999694824219,4553537,0.0,0.0,0.0
78.30000305175781,79.6500015258789,76.0,77.44999694824219,7275823,0.0,0.0,0.0
78.19999694824219,78.5,75.8499984741211,76.80000305175781,3072589,0.0,0.0,0.0
77.69999694824219,80.4000015258789,77.0,78.69999694824219,7735607,0.0,0.0,0.0
79.44999694824219,88.55000305175781,78.6500015258789,85.44999694824219,17175534,0.0,0.0,0.0
84.69999694824219,89.19999694824219,83.0999984741211,86.80000305175781,11999905,0.0,0.0,0.0
87.5999984741211,88.30000305175781,83.3499984741211,84.94999694824219,8658457,0.0,0.0,0.0
85.5,86.69999694824219,79.69999694824219,81.3499984741211,6926342,0.0,0.0,0.0
81.75,83.8499984741211,81.75,82.75,3062002,0.0,0.0,0.0
83.5999984741211,86.4000015258789,82.8499984741211,83.44999694824219,5474537,0.0,0.0,0.0
83.4000015258789,86.5,82.9000015258789,84.5,5818374,0.0,0.0,0.0
85.0,92.8499984741211,83.6500015258789,91.8499984741211,28314144,0.0,0.0,0.0
92.80000305175781,96.4000015258789,90.0999984741211,92.1500015258789,15391404,0.0,0.0,0.0
92.69999694824219,94.05000305175781,90.5999984741211,91.55000305175781,6987009,0.0,0.0,0.0
92.5,98.1500015258789,90.69999694824219,94.8499984741211,18889412,0.0,0.0,0.0
96.0,104.5,96.0,103.1500015258789,35832605,0.0,0.0,0.0
102.5,102.80000305175781,98.6500015258789,100.44999694824219,12418120,0.0,0.0,0.0
100.6500015258789,102.5,97.1500015258789,97.9000015258789,10686555,0.0,0.0,0.0
97.9000015258789,103.9000015258789,96.25,101.80000305175781,13798075,0.0,0.0,0.0
102.5,102.75,97.8499984741211,99.0999984741211,7428800,0.0,0.0,0.0
99.0,102.1500015258789,98.6500015258789,100.5,7113855,0.0,0.0,0.0
101.4000015258789,108.5,101.0999984741211,106.25,26792581,0.0,0.0,0.0
106.9000015258789,114.0,104.05000305175781,112.75,27880963,0.0,0.0,0.0
114.0,117.9000015258789,111.55000305175781,112.3499984741211,19709085,0.0,0.0,0.0
112.0,113.0,105.9000015258789,106.55000305175781,15448961,0.0,0.0,0.0
107.5,112.69999694824219,102.6500015258789,105.19999694824219,21314552,0.0,0.0,0.0
106.19999694824219,114.5,106.0,113.1500015258789,24204184,0.0,0.0,0.0
114.0,114.75,108.5999984741211,109.69999694824219,13542987,0.0,0.0,0.0
109.19999694824219,111.5,105.0,109.5999984741211,11660614,0.0,0.0,0.0
110.0,112.55000305175781,109.44999694824219,110.6500015258789,7943422,0.0,0.0,0.0
110.5,111.4000015258789,107.0,108.69999694824219,8514574,0.0,0.0,0.0
107.0,114.19999694824219,106.05000305175781,108.1500015258789,18380147,0.0,0.0,0.0
109.0,111.55000305175781,100.55000305175781,108.0999984741211,15162872,0.0,0.0,0.0
105.0,114.69999694824219,104.5,112.9000015258789,12310862,0.0,0.0,0.0
114.25,117.0999984741211,112.55000305175781,114.5999984741211,14670826,0.0,0.0,0.0
115.0,121.1500015258789,111.80000305175781,116.69999694824219,25748354,0.0,0.0,0.0
117.6500015258789,125.19999694824219,117.0999984741211,121.5999984741211,34792651,0.0,0.0,0.0
122.0,124.8499984741211,114.75,116.25,16575656,0.0,0.0,0.0
115.19999694824219,118.55000305175781,111.75,112.8499984741211,12578337,0.0,0.0,0.0
113.44999694824219,117.69999694824219,112.6500015258789,115.0999984741211,13220546,0.0,0.0,0.0
116.0,119.30000305175781,115.9000015258789,117.80000305175781,17576904,0.0,0.0,0.0
118.69999694824219,119.4000015258789,114.25,115.05000305175781,9150246,0.0,0.0,0.0
115.6500015258789,116.19999694824219,111.75,112.30000305175781,8904876,0.0,0.0,0.0
113.44999694824219,119.69999694824219,112.19999694824219,118.80000305175781,21340795,0.0,0.0,0.0
118.6500015258789,124.0,116.0999984741211,117.05000305175781,23138486,0.0,0.0,0.0
117.6500015258789,120.9000015258789,116.44999694824219,119.69999694824219,13866419,0.0,0.0,0.0
120.0,122.9000015258789,116.0999984741211,117.25,13443251,0.0,0.0,0.0
117.3499984741211,121.0,116.19999694824219,120.19999694824219,14563869,0.0,0.0,0.0
121.0,140.1999969482422,120.69999694824219,138.1999969482422,108175367,0.0,0.0,0.0
140.0,143.3000030517578,132.6999969482422,135.5500030517578,44622411,0.0,0.0,0.0
135.4499969482422,137.0,131.25,132.1999969482422,16465143,0.0,0.0,0.0
133.0,142.39999389648438,132.0500030517578,141.0,30725892,0.0,0.0,0.0
142.0,144.60000610351562,136.6999969482422,143.0500030517578,36658509,0.0,0.0,0.0
142.39999389648438,162.89999389648438,141.0,159.3000030517578,80473782,0.0,0.0,0.0
159.5,162.25,151.5,154.1999969482422,46381185,0.0,0.0,0.0
155.9499969482422,169.1999969482422,155.3000030517578,163.35000610351562,26758040,0.0,0.0,0.0
164.0,171.6999969482422,158.1999969482422,170.14999389648438,23903101,0.0,0.0,0.0
168.89999389648438,174.75,159.0,160.35000610351562,19291096,0.0,0.0,0.0
161.5,164.5,148.5,156.25,15378961,0.0,0.0,0.0
156.0,157.0,146.5500030517578,150.1999969482422,13138135,0.0,0.0,0.0
151.39999389648438,157.89999389648438,151.0,153.39999389648438,9502770,0.0,0.0,0.0
152.5500030517578,154.8000030517578,149.5,151.3000030517578,5976626,0.0,0.0,0.0
152.6999969482422,162.89999389648438,151.1999969482422,157.60000610351562,15402234,0.0,0.0,0.0
157.0,158.6999969482422,153.60000610351562,155.1999969482422,7716695,0.0,0.0,0.0
156.1999969482422,156.6999969482422,147.1999969482422,150.64999389648438,8528397,0.0,0.0,0.0
150.89999389648438,151.4499969482422,142.5,143.25,8450881,0.0,0.0,0.0
144.10000610351562,148.60000610351562,142.0,143.4499969482422,5916487,0.0,0.0,0.0
145.25,149.39999389648438,141.0500030517578,142.64999389648438,7439882,0.0,0.0,0.0
142.64999389648438,146.0,129.14999389648438,135.64999389648438,9856418,0.0,0.0,0.0
136.25,151.0,127.6500015258789,147.39999389648438,23336844,0.0,0.0,0.0
150.25,155.5,148.64999389648438,152.9499969482422,12146492,0.0,0.0,0.0
153.0,154.35000610351562,146.5500030517578,149.8000030517578,7312043,0.0,0.0,0.0
150.4499969482422,159.0,148.0500030517578,153.75,14055915,0.0,0.0,0.0
156.64999389648438,162.3000030517578,148.64999389648438,149.85000610351562,16602721,0.0,0.0,0.0
150.5,151.39999389648438,142.60000610351562,144.5,7603361,0.0,0.0,0.0
142.0,147.4499969482422,136.39999389648438,138.10000610351562,8705988,0.0,0.0,0.0
140.3000030517578,142.64999389648438,131.60000610351562,135.39999389648438,7009846,0.0,0.0,0.0
136.0,142.5,134.0,141.60000610351562,7041250,0.0,0.0,0.0
142.0,143.3000030517578,136.10000610351562,137.39999389648438,5204351,0.0,0.0,0.0
137.5500030517578,138.3000030517578,133.60000610351562,134.60000610351562,3986680,0.0,0.0,0.0
134.39999389648438,139.6999969482422,134.0,135.4499969482422,6510561,0.0,0.0,0.0
136.6999969482422,141.5,136.1999969482422,139.39999389648438,6700346,0.0,0.0,0.0
139.60000610351562,140.60000610351562,135.5,136.39999389648438,5211033,0.0,0.0,0.0
136.89999389648438,146.25,132.1999969482422,144.25,18598969,0.0,0.0,0.0
143.9499969482422,149.0,141.89999389648438,145.0500030517578,10261770,0.0,0.0,0.0
145.5,151.5,144.1999969482422,145.9499969482422,9860764,0.0,0.0,0.0
146.6999969482422,149.25,143.5,146.60000610351562,8641044,0.0,0.0,0.0
147.3000030517578,147.39999389648438,142.25,143.5,5023840,0.0,0.0,0.0
143.6999969482422,150.5,141.75,148.5,11361503,0.0,0.0,0.0
148.14999389648438,148.89999389648438,143.10000610351562,144.0500030517578,6699815,0.0,0.0,0.0
143.25,144.6999969482422,139.3000030517578,141.3000030517578,7497561,0.0,0.0,0.0
142.25,144.0,137.5500030517578,139.8000030517578,8930014,0.0,0.0,0.0
140.14999389648438,142.0,136.60000610351562,137.64999389648438,5176433,0.0,0.0,0.0
138.5500030517578,144.25,137.1999969482422,139.85000610351562,8243618,0.0,0.0,0.0
141.14999389648438,141.3000030517578,133.0500030517578,134.6999969482422,8003229,0.0,0.0,0.0
131.10000610351562,134.25,125.5,127.30000305175781,8660819,0.0,0.0,0.0
128.0,134.3000030517578,125.80000305175781,133.5,9192166,0.0,0.0,0.0
134.1999969482422,148.35000610351562,133.0500030517578,145.1999969482422,23878994,0.0,0.0,0.0
146.8000030517578,157.0,146.35000610351562,154.14999389648438,29188716,0.0,0.0,0.0
154.6999969482422,161.0,149.35000610351562,150.64999389648438,19096501,0.0,0.0,0.0
151.89999389648438,155.10000610351562,150.0,150.89999389648438,9004084,0.0,0.0,0.0
151.75,152.64999389648438,140.8000030517578,144.60000610351562,11306345,0.0,0.0,0.0
142.5,148.6999969482422,142.10000610351562,145.60000610351562,7721276,0.0,0.0,0.0
146.39999389648438,153.35000610351562,145.6999969482422,149.9499969482422,10268442,0.0,0.0,0.0
147.75,153.4499969482422,147.75,152.35000610351562,12508856,0.0,0.0,0.0
153.25,160.4499969482422,153.25,158.0500030517578,16823560,0.0,0.0,0.0
156.39999389648438,158.1999969482422,153.0500030517578,154.85000610351562,9320644,0.0,0.0,0.0
155.5,156.6999969482422,146.6999969482422,147.60000610351562,10186745,0.0,0.0,0.0
149.5500030517578,154.39999389648438,149.5,150.10000610351562,10390429,0.0,0.0,0.0
150.9499969482422,153.89999389648438,148.0,148.9499969482422,6433726,0.0,0.0,0.0
149.3000030517578,153.6999969482422,148.60000610351562,150.0,7500457,0.0,0.0,0.0
149.5,154.0,148.10000610351562,152.35000610351562,8438585,0.0,0.0,0.0
152.89999389648438,157.0,149.35000610351562,151.0500030517578,11163130,0.0,0.0,0.0
152.4499969482422,166.60000610351562,151.75,164.10000610351562,32913771,0.0,0.0,0.0
182.0,186.0,172.5,174.4499969482422,29862107,0.0,0.0,0.0
175.60000610351562,176.0,160.0,162.14999389648438,12936333,0.0,0.0,0.0
162.4499969482422,164.39999389648438,153.0,155.60000610351562,12441581,0.0,0.0,0.0
157.10000610351562,165.75,154.25,159.60000610351562,13334446,0.0,0.0,0.0
163.0,168.0,158.0,162.8000030517578,13362186,0.0,0.0,0.0
163.39999389648438,164.35000610351562,153.0,153.6999969482422,8628871,0.0,0.0,0.0
154.10000610351562,161.0,153.4499969482422,158.4499969482422,8428605,0.0,0.0,0.0
160.60000610351562,164.25,157.60000610351562,159.10000610351562,7999670,0.0,0.0,0.0
159.89999389648438,160.5,150.9499969482422,152.10000610351562,8487232,0.0,0.0,0.0
151.64999389648438,155.1999969482422,148.35000610351562,151.8000030517578,6965023,0.0,0.0,0.0
153.14999389648438,163.39999389648438,153.14999389648438,161.4499969482422,12367233,0.0,0.0,0.0
163.1999969482422,180.5,161.0500030517578,176.5,35322329,0.0,0.0,0.0
178.0,183.39999389648438,173.1999969482422,176.60000610351562,18213898,0.0,0.0,0.0
179.60000610351562,184.6999969482422,179.60000610351562,181.25,10353712,0.0,0.0,0.0
183.60000610351562,191.8000030517578,182.1999969482422,189.8000030517578,18962205,0.0,0.0,0.0
190.4499969482422,195.89999389648438,187.6999969482422,191.0500030517578,20040324,0.0,0.0,0.0
188.64999389648438,192.6999969482422,184.0,184.60000610351562,9541362,0.0,0.0,0.0
185.6999969482422,188.6999969482422,178.5,181.25,10697867,0.0,0.0,0.0
182.5,191.6999969482422,176.10000610351562,189.60000610351562,15345250,0.0,0.0,0.0
190.9499969482422,191.60000610351562,184.64999389648438,186.9499969482422,8230509,0.0,0.0,0.0
187.35000610351562,190.4499969482422,182.5500030517578,183.5500030517578,8502222,0.0,0.0,0.0
183.3000030517578,188.1999969482422,179.5500030517578,180.5500030517578,10363545,0.0,0.0,0.0
180.14999389648438,181.5500030517578,172.10000610351562,173.39999389648438,11704089,0.0,0.0,0.0
174.6999969482422,177.64999389648438,159.35000610351562,162.10000610351562,16600806,0.0,0.0,0.0
161.0,176.39999389648438,160.8000030517578,174.0500030517578,17366983,0.0,0.0,0.0
175.10000610351562,182.39999389648438,174.75,176.6999969482422,13510309,0.0,0.0,0.0
177.39999389648438,179.5,174.0500030517578,177.3000030517578,8589400,0.0,0.0,0.0
173.0,175.89999389648438,165.5,166.64999389648438,17965587,0.0,0.0,0.0
167.6999969482422,174.5,162.0,165.85000610351562,15910905,0.0,0.0,0.0
167.5,176.5,166.39999389648438,167.60000610351562,14800346,0.0,0.0,0.0
170.5500030517578,175.1999969482422,165.14999389648438,172.0500030517578,15807657,0.0,0.0,0.0
172.5,174.4499969482422,168.1999969482422,172.5,9944063,0.0,0.0,0.0
173.1999969482422,178.39999389648438,170.0,170.8000030517578,13921583,0.0,0.0,0.0
171.64999389648438,173.64999389648438,166.4499969482422,167.4499969482422,8710632,0.0,0.0,0.0
169.1999969482422,173.6999969482422,168.8000030517578,171.6999969482422,10179240,0.0,0.0,0.0
173.39999389648438,175.0,169.39999389648438,170.10000610351562,6796218,0.0,0.0,0.0
171.0500030517578,171.6999969482422,168.3000030517578,169.1999969482422,6860971,0.0,0.0,0.0
170.0,181.6999969482422,168.6999969482422,179.10000610351562,22477130,0.0,0.0,0.0
181.5,183.5,176.3000030517578,177.0,18474728,0.0,0.0,0.0
175.35000610351562,179.3000030517578,173.89999389648438,175.0500030517578,10310727,0.0,0.0,0.0
175.35000610351562,178.4499969482422,172.0,172.8000030517578,10363479,0.0,0.0,0.0
176.85000610351562,176.89999389648438,167.60000610351562,169.0500030517578,9842580,0.0,0.0,0.0
169.0,169.4499969482422,155.25,157.14999389648438,16738339,0.0,0.0,0.0
155.5,155.5,143.60000610351562,147.8000030517578,15295099,0.0,0.0,0.0
151.1999969482422,159.5,151.1999969482422,157.8000030517578,13149711,0.0,0.0,0.0
160.0,164.1999969482422,159.10000610351562,160.9499969482422,7633978,0.0,0.0,0.0
162.8000030517578,164.8000030517578,159.10000610351562,159.9499969482422,6195971,0.0,0.0,0.0
160.8000030517578,163.25,156.39999389648438,161.25,9385046,0.0,0.0,0.0
160.89999389648438,161.0,155.5500030517578,156.39999389648438,7571384,0.0,0.0,0.0
158.0,161.89999389648438,157.0,158.4499969482422,6675447,0.0,0.0,0.0
158.4499969482422,162.6999969482422,156.8000030517578,160.8000030517578,8453946,0.0,0.0,0.0
161.3000030517578,161.64999389648438,156.1999969482422,156.8000030517578,4896941,0.0,0.0,0.0
157.5,160.60000610351562,156.75,157.6999969482422,5699165,0.0,0.0,0.0
159.0500030517578,163.8000030517578,159.0,162.5,9275063,0.0,0.0,0.0
163.0,163.4499969482422,157.5500030517578,158.85000610351562,5828847,0.0,0.0,0.0
158.6999969482422,163.0,157.3000030517578,162.10000610351562,8888820,0.0,0.0,0.0
159.5,161.8000030517578,158.35000610351562,159.3000030517578,7497332,0.0,0.0,0.0
160.60000610351562,167.89999389648438,160.0500030517578,166.14999389648438,18100587,0.0,0.0,0.0
167.10000610351562,171.8000030517578,166.35000610351562,170.89999389648438,13257426,0.0,0.0,0.0
171.9499969482422,177.0,168.60000610351562,171.64999389648438,18346447,0.0,0.0,0.0
173.1999969482422,177.5,172.3000030517578,173.6999969482422,12887975,0.0,0.0,0.0
173.9499969482422,173.9499969482422,168.5500030517578,169.10000610351562,7135089,0.0,0.0,0.0
168.0,174.25,167.64999389648438,169.64999389648438,10204896,0.0,0.0,0.0
170.0,171.25,165.8000030517578,167.25,9136056,0.0,0.0,0.0
168.0,170.8000030517578,162.25,163.35000610351562,10427642,0.0,0.0,0.0
163.39999389648438,163.39999389648438,158.75,159.8000030517578,10376235,0.0,0.0,0.0
160.0,165.35000610351562,159.75,161.1999969482422,9591670,0.0,0.0,0.0
160.10000610351562,163.4499969482422,156.0500030517578,158.5,10903357,0.0,0.0,0.0
158.5,160.5,143.6999969482422,146.35000610351562,13564396,0.0,0.0,0.0
146.5,153.0500030517578,143.64999389648438,150.4499969482422,9501288,0.0,0.0,0.0
139.39999389648438,146.5,137.4499969482422,141.89999389648438,17017499,0.0,0.0,0.0
143.39999389648438,147.64999389648438,142.5500030517578,143.25,7225838,0.0,0.0,0.0
144.8000030517578,146.5,143.14999389648438,143.85000610351562,5241841,0.0,0.0,0.0
145.5,148.10000610351562,141.75,146.10000610351562,8813147,0.0,0.0,0.0
147.4499969482422,149.5,145.3000030517578,146.4499969482422,7023290,0.0,0.0,0.0
146.4499969482422,150.5,144.60000610351562,145.4499969482422,8530183,0.0,0.0,0.0
146.10000610351562,148.1999969482422,144.5,146.0500030517578,5511855,0.0,0.0,0.0
146.25,147.39999389648438,143.64999389648438,144.3000030517578,5321260,0.0,0.0,0.0
145.0,145.4499969482422,136.3000030517578,137.64999389648438,9350707,0.0,0.0,0.0
138.5,142.39999389648438,135.10000610351562,141.39999389648438,8346541,0.0,0.0,0.0
142.0,145.5,139.5,142.3000030517578,6369964,0.0,0.0,0.0
141.0,141.85000610351562,138.3000030517578,139.0,4042760,0.0,0.0,0.0
135.10000610351562,135.89999389648438,123.0,124.44999694824219,11687500,0.0,0.0,0.0
126.5,128.85000610351562,120.5999984741211,127.5,11481123,0.0,0.0,0.0
129.35000610351562,132.35000610351562,126.75,127.25,9248289,0.0,0.0,0.0
128.64999389648438,129.35000610351562,123.5,124.1500015258789,6602491,0.0,0.0,0.0
123.5999984741211,124.9000015258789,120.5999984741211,121.19999694824219,5562347,0.0,0.0,0.0
120.0,120.0,99.5,103.0999984741211,39095152,0.0,0.0,0.0
105.0,118.69999694824219,105.0,113.6500015258789,73709081,0.0,0.0,0.0
116.19999694824219,118.75,113.19999694824219,114.80000305175781,18932673,0.0,0.0,0.0
105.55000305175781,110.0,100.05000305175781,101.75,25121613,0.0,0.0,0.0
108.0,111.30000305175781,103.19999694824219,107.3499984741211,21651640,0.0,0.0,0.0
105.0,109.0,103.4000015258789,107.9000015258789,11557692,0.0,0.0,0.0
105.69999694824219,107.69999694824219,104.1500015258789,105.4000015258789,10100299,0.0,0.0,0.0
107.80000305175781,111.0,107.0,109.0,11906315,0.0,0.0,0.0
108.5,108.5,104.30000305175781,106.6500015258789,9034894,0.0,0.0,0.0
103.0,103.5,98.4000015258789,99.19999694824219,12154667,0.0,0.0,0.0
100.1500015258789,102.8499984741211,96.75,101.75,12518418,0.0,0.0,0.0
102.69999694824219,109.69999694824219,101.75,107.3499984741211,15504428,0.0,0.0,0.0
110.19999694824219,112.0999984741211,105.5999984741211,106.75,12662662,0.0,0.0,0.0
105.6500015258789,107.9000015258789,105.0,106.05000305175781,7090559,0.0,0.0,0.0
106.30000305175781,106.94999694824219,103.0,103.69999694824219,8553383,0.0,0.0,0.0
104.6500015258789,113.69999694824219,104.5999984741211,105.94999694824219,21874650,0.0,0.0,0.0
107.94999694824219,111.0,105.5999984741211,108.6500015258789,12267646,0.0,0.0,0.0
110.5,112.19999694824219,109.0999984741211,111.0,11112252,0.0,0.0,0.0
112.0,112.0,107.25,107.94999694824219,8383042,0.0,0.0,0.0
108.5,108.5,103.3499984741211,105.4000015258789,10105504,0.0,0.0,0.0
107.0,107.6500015258789,103.9000015258789,104.19999694824219,8449964,0.0,0.0,0.0
104.5,107.5999984741211,104.0,105.25,9055477,0.0,0.0,0.0
106.0,107.25,104.4000015258789,104.94999694824219,7399158,0.0,0.0,0.0
105.0999984741211,105.1500015258789,100.5,101.0999984741211,12984098,0.0,0.0,0.0
102.0,104.44999694824219,100.80000305175781,101.94999694824219,16265262,0.0,0.0,0.0
103.30000305175781,106.0,102.44999694824219,102.9000015258789,9739247,0.0,0.0,0.0
103.5999984741211,103.8499984741211,101.0,101.4000015258789,7184894,0.0,0.0,0.0
102.0,113.0,101.69999694824219,112.0,23634014,0.0,0.0,0.0
112.5999984741211,120.9000015258789,111.0,117.75,27175317,0.0,0.0,0.0
118.30000305175781,118.4000015258789,114.0999984741211,116.30000305175781,16426324,0.0,0.0,0.0
115.0,118.0,114.1500015258789,115.8499984741211,15036435,0.0,0.0,0.0
116.0,119.8499984741211,111.80000305175781,113.0999984741211,15759726,0.0,0.0,0.0
113.75,113.94999694824219,108.3499984741211,111.9000015258789,21816256,0.0,0.0,0.0
112.4000015258789,114.9000015258789,111.19999694824219,114.30000305175781,9085351,0.0,0.0,0.0
114.0,114.5,108.19999694824219,109.0999984741211,10658786,0.0,0.0,0.0
110.0,111.69999694824219,107.94999694824219,108.5999984741211,13110256,0.0,0.0,0.0
104.30000305175781,105.0,102.0,102.4000015258789,13952240,0.0,0.0,0.0
103.25,103.9000015258789,94.80000305175781,97.0999984741211,16843330,0.0,0.0,0.0
98.0,101.6500015258789,95.9000015258789,99.5999984741211,19011532,0.0,0.0,0.0
100.94999694824219,101.25,98.0,98.55000305175781,7169889,0.0,0.0,0.0
98.0999984741211,99.30000305175781,94.69999694824219,95.25,9385044,0.0,0.0,0.0
94.5,94.5,90.69999694824219,91.19999694824219,8826919,0.0,0.0,0.0
92.5,96.19999694824219,91.3499984741211,95.05000305175781,13811742,0.0,0.0,0.0
94.4000015258789,94.4000015258789,91.75,92.44999694824219,6895516,0.0,0.0,0.0
93.4000015258789,93.44999694824219,89.0,90.80000305175781,10374945,0.0,0.0,0.0
91.30000305175781,92.80000305175781,88.5,89.30000305175781,7953424,0.0,0.0,0.0
88.8499984741211,88.8499984741211,85.69999694824219,86.25,7594944,0.0,0.0,0.0
86.94999694824219,87.4000015258789,81.30000305175781,81.80000305175781,10934306,0.0,0.0,0.0
82.5,83.30000305175781,81.0999984741211,81.94999694824219,7585192,0.0,0.0,0.0
80.0,80.0,77.0,78.94999694824219,9086342,0.0,0.0,0.0
78.5,82.0,76.5999984741211,78.5999984741211,11926200,0.0,0.0,0.0
78.5,80.5999984741211,75.4000015258789,76.0,6791415,0.0,0.0,0.0
77.0,77.44999694824219,68.4000015258789,71.6500015258789,19655111,0.0,0.0,0.0
71.0,75.0,70.25,74.19999694824219,15113550,0.0,0.0,0.0
76.30000305175781,76.69999694824219,70.0999984741211,70.69999694824219,10121943,0.0,0.0,0.0
71.5,73.80000305175781,69.30000305175781,73.05000305175781,10184447,0.0,0.0,0.0
73.9000015258789,76.25,72.69999694824219,75.69999694824219,7024243,0.0,0.0,0.0
76.0999984741211,79.25,75.44999694824219,77.1500015258789,9751815,0.0,0.0,0.0
74.19999694824219,75.5999984741211,73.1500015258789,73.9000015258789,6831604,0.0,0.0,0.0
75.30000305175781,75.75,73.0999984741211,73.75,7199836,0.0,0.0,0.0
74.0,80.9000015258789,73.9000015258789,74.94999694824219,18424135,0.0,0.0,0.0
75.69999694824219,75.9000015258789,71.6500015258789,72.05000305175781,6267482,0.0,0.0,0.0
72.5,73.44999694824219,69.0,69.6500015258789,6121120,0.0,0.0,0.0
70.5,71.8499984741211,66.5999984741211,71.44999694824219,9993153,0.0,0.0,0.0
72.75,74.4000015258789,69.25,73.5,12991930,0.0,0.0,0.0
72.75,74.5,71.05000305175781,71.69999694824219,11936252,0.0,0.0,0.0
71.9000015258789,76.0999984741211,71.30000305175781,75.1500015258789,16169108,0.0,0.0,0.0
75.4000015258789,76.19999694824219,69.5,71.55000305175781,22789667,0.0,0.0,0.0
71.5,74.4000015258789,71.44999694824219,73.94999694824219,9640071,0.0,0.0,0.0
74.8499984741211,80.0,74.4000015258789,75.4000015258789,34944866,0.0,0.0,0.0
75.5,76.05000305175781,72.9000015258789,75.05000305175781,7347664,0.0,0.0,0.0
74.55000305175781,75.4000015258789,71.55000305175781,71.94999694824219,8184706,0.0,0.0,0.0
72.4000015258789,73.6500015258789,70.75,71.94999694824219,10510474,0.0,0.0,0.0
71.8499984741211,72.25,70.8499984741211,71.4000015258789,5575847,0.0,0.0,0.0
70.4000015258789,71.19999694824219,70.1500015258789,70.44999694824219,4714697,0.0,0.0,0.0
69.0,69.4000015258789,65.5,66.25,6971925,0.0,0.0,0.0
65.5999984741211,68.4000015258789,64.8499984741211,67.75,11529059,0.0,0.0,0.0
68.4000015258789,68.69999694824219,64.80000305175781,65.0999984741211,8908364,0.0,0.0,0.0
66.44999694824219,66.69999694824219,61.79999923706055,62.650001525878906,8391837,0.0,0.0,0.0
62.599998474121094,65.19999694824219,60.25,63.75,18021986,0.0,0.0,0.0
63.20000076293945,63.849998474121094,60.25,60.75,7079084,0.0,0.0,0.0
60.75,64.6500015258789,60.75,63.75,6326215,0.0,0.0,0.0
63.0,66.1500015258789,62.599998474121094,62.95000076293945,9728181,0.0,0.0,0.0
63.099998474121094,64.4000015258789,62.5,63.95000076293945,5681278,0.0,0.0,0.0
64.9000015258789,66.4000015258789,64.5,65.4000015258789,8286393,0.0,0.0,0.0
66.44999694824219,66.75,65.5,65.94999694824219,4298856,0.0,0.0,0.0
66.0999984741211,66.30000305175781,64.5,65.55000305175781,5819168,0.0,0.0,0.0
64.5,65.25,63.04999923706055,63.54999923706055,4176190,0.0,0.0,0.0
63.900001525878906,64.19999694824219,60.5,60.95000076293945,6621951,0.0,0.0,0.0
61.20000076293945,62.29999923706055,60.150001525878906,61.849998474121094,4909229,0.0,0.0,0.0
61.70000076293945,62.70000076293945,60.25,61.0,4999082,0.0,0.0,0.0
61.599998474121094,63.25,60.79999923706055,61.349998474121094,5812921,0.0,0.0,0.0
61.349998474121094,61.400001525878906,58.0,59.95000076293945,10317770,0.0,0.0,0.0
60.900001525878906,64.69999694824219,60.599998474121094,63.75,15595985,0.0,0.0,0.0
64.0,64.4000015258789,61.650001525878906,62.29999923706055,5855947,0.0,0.0,0.0
61.5,65.3499984741211,61.5,65.0,6430591,0.0,0.0,0.0
64.05000305175781,64.5,63.20000076293945,63.70000076293945,4961590,0.0,0.0,0.0
64.1500015258789,65.25,63.099998474121094,64.3499984741211,5836067,0.0,0.0,0.0
64.6500015258789,64.69999694824219,61.79999923706055,62.54999923706055,4582588,0.0,0.0,0.0
62.75,64.5999984741211,61.79999923706055,64.05000305175781,4509224,0.0,0.0,0.0
64.5999984741211,66.80000305175781,64.0,66.05000305175781,6913264,0.0,0.0,0.0
65.55000305175781,68.55000305175781,65.19999694824219,67.8499984741211,8192297,0.0,0.0,0.0
68.69999694824219,72.5,67.8499984741211,71.8499984741211,17247577,0.0,0.0,0.0
71.5999984741211,73.30000305175781,70.55000305175781,71.4000015258789,12780775,0.0,0.0,0.0
71.5,72.5999984741211,71.05000305175781,71.9000015258789,6762054,0.0,0.0,0.0
71.5999984741211,71.5999984741211,69.0999984741211,69.9000015258789,5379617,0.0,0.0,0.0
69.9000015258789,72.19999694824219,68.55000305175781,70.0999984741211,8393745,0.0,0.0,0.0
70.25,72.55000305175781,69.5999984741211,71.5999984741211,5476992,0.0,0.0,0.0
72.4000015258789,75.0,71.8499984741211,73.19999694824219,10960069,0.0,0.0,0.0
73.5999984741211,74.0,72.05000305175781,72.5999984741211,6282197,0.0,0.0,0.0
72.5999984741211,75.30000305175781,71.5,73.75,9733487,0.0,0.0,0.0
72.69999694824219,74.1500015258789,72.19999694824219,73.1500015258789,7451869,0.0,0.0,0.0
73.4000015258789,73.5999984741211,70.0,71.1500015258789,6184810,0.0,0.0,0.0
71.5,73.69999694824219,70.19999694824219,71.30000305175781,7225692,0.0,0.0,0.0
71.3499984741211,73.5,71.0999984741211,71.8499984741211,7041975,0.0,0.0,0.0
71.5999984741211,73.0,71.30000305175781,71.55000305175781,3512117,0.0,0.0,0.0
71.5,72.25,68.69999694824219,69.4000015258789,5603034,0.0,0.0,0.0
70.05000305175781,71.30000305175781,69.19999694824219,69.8499984741211,4251039,0.0,0.0,0.0
69.80000305175781,70.5,67.25,67.6500015258789,6196811,0.0,0.0,0.0
67.5,79.69999694824219,67.3499984741211,78.4000015258789,44865881,0.0,0.0,0.0
78.0,79.3499984741211,76.0999984741211,76.5,14969136,0.0,0.0,0.0
77.0,83.80000305175781,76.4000015258789,81.80000305175781,37980919,0.0,0.0,0.0
82.5,83.19999694824219,79.55000305175781,80.30000305175781,13889329,0.0,0.0,0.0
80.30000305175781,81.05000305175781,77.6500015258789,78.30000305175781,9658549,0.0,0.0,0.0
79.0,79.25,76.4000015258789,78.30000305175781,8655845,0.0,0.0,0.0
78.8499984741211,84.69999694824219,78.30000305175781,82.9000015258789,24685686,0.0,0.0,0.0
83.3499984741211,87.9000015258789,82.80000305175781,85.6500015258789,20305477,0.0,0.0,0.0
86.3499984741211,87.25,83.6500015258789,84.94999694824219,9002476,0.0,0.0,0.0
82.0999984741211,84.94999694824219,81.3499984741211,83.94999694824219,7870507,0.0,0.0,0.0
84.8499984741211,88.75,84.8499984741211,86.94999694824219,12818500,0.0,0.0,0.0
85.75,89.4000015258789,85.5,88.30000305175781,10950857,0.0,0.0,0.0
88.75,89.3499984741211,86.4000015258789,87.1500015258789,6845752,0.0,0.0,0.0
87.5999984741211,92.0999984741211,87.19999694824219,90.3499984741211,12548066,0.0,0.0,0.0
90.80000305175781,94.5,88.30000305175781,92.8499984741211,16410650,0.0,0.0,0.0
92.0,94.05000305175781,92.0,93.25,8801344,0.0,0.0,0.0
94.19999694824219,94.4000015258789,91.0,91.8499984741211,8341533,0.0,0.0,0.0
90.80000305175781,90.8499984741211,86.0,86.55000305175781,16016369,0.0,0.0,0.0
87.0,88.1500015258789,85.5999984741211,86.25,8414134,0.0,0.0,0.0
86.25,87.0,84.55000305175781,85.0999984741211,6424392,0.0,0.0,0.0
83.5999984741211,85.1500015258789,83.05000305175781,83.30000305175781,7552523,0.0,0.0,0.0
84.0,84.8499984741211,81.55000305175781,81.9000015258789,6991748,0.0,0.0,0.0
81.75,82.6500015258789,76.5,76.75,12399968,0.0,0.0,0.0
77.1500015258789,80.4000015258789,75.69999694824219,76.19999694824219,11999887,0.0,0.0,0.0
77.0999984741211,78.19999694824219,74.5999984741211,74.9000015258789,7471748,0.0,0.0,0.0
75.30000305175781,77.69999694824219,74.80000305175781,76.69999694824219,8804191,0.0,0.0,0.0
76.4000015258789,79.30000305175781,76.19999694824219,78.69999694824219,8706098,0.0,0.0,0.0
78.55000305175781,79.25,75.75,76.5,5378206,0.0,0.0,0.0
75.3499984741211,75.55000305175781,70.9000015258789,72.5999984741211,8029456,0.0,0.0,0.0
73.0,73.55000305175781,71.0,72.19999694824219,4603046,0.0,0.0,0.0
71.8499984741211,74.30000305175781,71.0999984741211,72.5,5486869,0.0,0.0,0.0
73.05000305175781,74.69999694824219,71.80000305175781,72.3499984741211,5602679,0.0,0.0,0.0
72.19999694824219,79.30000305175781,71.55000305175781,77.75,16209022,0.0,0.0,0.0
78.05000305175781,80.3499984741211,73.3499984741211,74.0,10884968,0.0,0.0,0.0
75.25,79.4000015258789,75.25,78.9000015258789,10510170,0.0,0.0,0.0
79.5,82.3499984741211,78.69999694824219,79.4000015258789,11515753,0.0,0.0,0.0
79.19999694824219,80.75,76.69999694824219,77.8499984741211,8997910,0.0,0.0,0.0
76.80000305175781,77.25,75.25,76.1500015258789,5820139,0.0,0.0,0.0
76.55000305175781,77.19999694824219,73.5,74.0,5162250,0.0,0.0,0.0
74.4000015258789,77.5,72.19999694824219,77.0999984741211,8751668,0.0,0.0,0.0
77.0,77.44999694824219,72.0999984741211,74.44999694824219,6425293,0.0,0.0,0.0
76.0,76.80000305175781,72.8499984741211,73.25,5284892,0.0,0.0,0.0
73.5,74.30000305175781,72.55000305175781,73.44999694824219,4811865,0.0,0.0,0.0
74.0,74.5999984741211,72.5999984741211,73.19999694824219,4902008,0.0,0.0,0.0
73.5,76.5999984741211,73.19999694824219,75.0999984741211,8636982,0.0,0.0,0.0
74.30000305175781,76.30000305175781,73.9000015258789,75.69999694824219,4264635,0.0,0.0,0.0
76.05000305175781,76.19999694824219,74.19999694824219,74.8499984741211,3500507,0.0,0.0,0.0
75.5999984741211,76.0,74.5999984741211,74.9000015258789,933614,0.0,0.0,0.0
75.19999694824219,78.0999984741211,74.3499984741211,77.25,7078963,0.0,0.0,0.0
77.6500015258789,79.4000015258789,77.4000015258789,78.19999694824219,5370044,0.0,0.0,0.0
78.05000305175781,80.5999984741211,77.44999694824219,78.5,8703631,0.0,0.0,0.0
78.9000015258789,79.30000305175781,76.80000305175781,77.80000305175781,5396977,0.0,0.0,0.0
78.19999694824219,78.80000305175781,76.0999984741211,77.44999694824219,4722754,0.0,0.0,0.0
77.44999694824219,82.80000305175781,77.44999694824219,80.69999694824219,21126357,0.0,0.0,0.0
79.25,81.25,78.80000305175781,79.75,6233463,0.0,0.0,0.0
80.75,80.94999694824219,77.55000305175781,78.19999694824219,8902439,0.0,0.0,0.0
78.5,78.94999694824219,76.4000015258789,76.94999694824219,6304434,0.0,0.0,0.0
77.4000015258789,79.55000305175781,77.1500015258789,78.44999694824219,5644228,0.0,0.0,0.0
77.55000305175781,78.8499984741211,77.25,78.0999984741211,4274054,0.0,0.0,0.0
79.0999984741211,79.44999694824219,77.55000305175781,78.0999984741211,4210598,0.0,0.0,0.0
81.0,83.75,79.30000305175781,82.80000305175781,17109596,0.0,0.0,0.0
83.19999694824219,84.9000015258789,82.1500015258789,82.75,9557952,0.0,0.0,0.0
83.19999694824219,83.19999694824219,80.80000305175781,82.19999694824219,5588150,0.0,0.0,0.0
82.0,82.5999984741211,80.30000305175781,81.30000305175781,4240210,0.0,0.0,0.0
81.5,87.75,78.75,86.80000305175781,19456697,0.0,0.0,0.0
87.0,89.4000015258789,83.6500015258789,84.25,18618349,0.0,0.0,0.0
83.19999694824219,83.69999694824219,80.25,80.80000305175781,10039549,0.0,0.0,0.0
81.0,82.19999694824219,80.4000015258789,81.25,6010914,0.0,0.0,0.0
81.5,82.75,79.25,79.5999984741211,6353633,0.0,0.0,0.0
80.0,83.69999694824219,79.55000305175781,81.69999694824219,13724490,0.0,0.0,0.0
82.0,84.9000015258789,81.75,84.0,9568131,0.0,0.0,0.0
84.4000015258789,85.9000015258789,83.69999694824219,84.80000305175781,7209641,0.0,0.0,0.0
85.0,85.9000015258789,82.8499984741211,83.30000305175781,6893086,0.0,0.0,0.0
83.9000015258789,85.30000305175781,83.05000305175781,84.05000305175781,5549964,0.0,0.0,0.0
84.0999984741211,86.80000305175781,83.9000015258789,85.8499984741211,10451315,0.0,0.0,0.0
86.5,89.19999694824219,86.25,87.5999984741211,13396585,0.0,0.0,0.0
87.4000015258789,90.4000015258789,87.0999984741211,88.9000015258789,12944981,0.0,0.0,0.0
89.30000305175781,93.0,87.6500015258789,91.19999694824219,17694063,0.0,0.0,0.0
91.69999694824219,94.0,89.25,90.25,15489138,0.0,0.0,0.0
87.9000015258789,88.69999694824219,83.0999984741211,83.75,18291890,0.0,0.0,0.0
83.05000305175781,85.0,82.80000305175781,83.25,6822930,0.0,0.0,0.0
83.69999694824219,84.19999694824219,82.4000015258789,82.9000015258789,5279137,0.0,0.0,0.0
83.3499984741211,86.0,82.3499984741211,84.25,10001432,0.0,0.0,0.0
84.55000305175781,85.75,83.75,84.0999984741211,6053095,0.0,0.0,0.0
83.9000015258789,84.9000015258789,82.80000305175781,84.0999984741211,5606515,0.0,0.0,0.0
84.3499984741211,86.9000015258789,83.80000305175781,86.05000305175781,7877769,0.0,0.0,0.0
85.5,86.8499984741211,85.05000305175781,86.25,5443126,0.0,0.0,0.0
86.5,87.4000015258789,81.19999694824219,81.5999984741211,8997588,0.0,0.0,0.0
82.0,82.55000305175781,77.55000305175781,78.55000305175781,7228013,0.0,0.0,0.0
77.8499984741211,79.5,73.19999694824219,74.19999694824219,7374625,0.0,0.0,0.0
74.69999694824219,79.19999694824219,74.19999694824219,78.0,5569011,0.0,0.0,0.0
78.55000305175781,81.9000015258789,78.55000305175781,80.25,6827973,0.0,0.0,0.0
80.25,81.9000015258789,79.55000305175781,80.4000015258789,4700132,0.0,0.0,0.0
79.9000015258789,81.30000305175781,79.25,80.55000305175781,4805902,0.0,0.0,0.0
81.19999694824219,83.44999694824219,80.55000305175781,81.0999984741211,6743385,0.0,0.0,0.0
81.3499984741211,83.9000015258789,81.0999984741211,83.25,5703734,0.0,0.0,0.0
83.44999694824219,84.9000015258789,82.80000305175781,83.4000015258789,5373835,0.0,0.0,0.0
83.69999694824219,83.80000305175781,79.80000305175781,80.55000305175781,5019152,0.0,0.0,0.0
80.94999694824219,81.0,77.30000305175781,77.80000305175781,8232276,0.0,0.0,0.0
77.5,79.6500015258789,76.6500015258789,77.19999694824219,6423338,0.0,0.0,0.0
77.9000015258789,79.0999984741211,76.69999694824219,77.19999694824219,5064050,0.0,0.0,0.0
77.4000015258789,77.75,75.44999694824219,76.3499984741211,4012461,0.0,0.0,0.0
76.69999694824219,77.5999984741211,76.1500015258789,76.8499984741211,3879381,0.0,0.0,0.0
77.19999694824219,78.1500015258789,76.30000305175781,76.8499984741211,4324795,0.0,0.0,0.0
77.0999984741211,77.5999984741211,76.5999984741211,77.1500015258789,5690599,0.0,0.0,0.0
77.6500015258789,77.69999694824219,76.25,76.55000305175781,3127799,0.0,0.0,0.0
76.94999694824219,78.0999984741211,76.0999984741211,77.44999694824219,4867207,0.0,0.0,0.0
77.55000305175781,77.55000305175781,76.19999694824219,76.5,4793511,0.0,0.0,0.0
76.25,78.25,75.80000305175781,76.55000305175781,5946136,0.0,0.0,0.0
76.94999694824219,77.05000305175781,75.0999984741211,75.5,3146375,0.0,0.0,0.0
75.9000015258789,76.0,73.5999984741211,73.9000015258789,3536575,0.0,0.0,0.0
74.4000015258789,74.6500015258789,72.05000305175781,72.55000305175781,3022041,0.0,0.0,0.0
72.0999984741211,72.5,70.44999694824219,71.25,3590601,0.0,0.0,0.0
71.8499984741211,71.8499984741211,66.80000305175781,67.9000015258789,5161735,0.0,0.0,0.0
68.25,70.44999694824219,67.75,69.19999694824219,4133268,0.0,0.0,0.0
69.5,73.94999694824219,69.1500015258789,72.25,4596587,0.0,0.0,0.0
72.5999984741211,74.44999694824219,68.9000015258789,69.6500015258789,6621853,0.0,0.0,0.0
69.25,71.4000015258789,67.80000305175781,69.9000015258789,4132448,0.0,0.0,0.0
70.25,70.55000305175781,65.5,67.69999694824219,6095556,0.0,0.0,0.0
67.1500015258789,67.75,65.05000305175781,65.94999694824219,4502192,0.0,0.0,0.0
66.30000305175781,66.30000305175781,63.650001525878906,64.0,5872814,0.0,0.0,0.0
64.0,64.55000305175781,63.5,63.95000076293945,5162155,0.0,0.0,0.0
64.3499984741211,64.5,62.54999923706055,62.900001525878906,3810470,0.0,0.0,0.0
63.400001525878906,66.0,62.29999923706055,64.69999694824219,10838056,0.0,0.0,0.0
63.849998474121094,63.849998474121094,60.0,60.349998474121094,7426463,0.0,0.0,0.0
60.650001525878906,60.650001525878906,50.70000076293945,55.849998474121094,37368698,0.0,0.0,0.0
55.650001525878906,59.29999923706055,55.599998474121094,57.849998474121094,14092504,0.0,0.0,0.0
58.0,58.650001525878906,57.29999923706055,58.04999923706055,5696610,0.0,0.0,0.0
57.900001525878906,57.95000076293945,55.54999923706055,56.099998474121094,7685644,0.0,0.0,0.0
56.400001525878906,56.400001525878906,53.650001525878906,54.29999923706055,4945247,0.0,0.0,0.0
54.20000076293945,54.95000076293945,52.75,54.25,6068709,0.0,0.0,0.0
54.0,54.95000076293945,52.54999923706055,52.95000076293945,5432053,0.0,0.0,0.0
53.25,54.349998474121094,51.29999923706055,52.95000076293945,7246787,0.0,0.0,0.0
53.400001525878906,60.650001525878906,53.29999923706055,59.5,37155572,0.0,0.0,0.0
60.0,62.849998474121094,59.849998474121094,60.900001525878906,19705212,0.0,0.0,0.0
62.0,62.25,56.70000076293945,57.599998474121094,16725435,0.0,0.0,0.0
57.70000076293945,60.95000076293945,57.70000076293945,59.900001525878906,9756055,0.0,0.0,0.0
59.599998474121094,60.75,58.70000076293945,59.400001525878906,7812597,0.0,0.0,0.0
59.900001525878906,61.900001525878906,59.04999923706055,61.04999923706055,9538394,0.0,0.0,0.0
61.5,63.599998474121094,61.150001525878906,62.45000076293945,7762186,0.0,0.0,0.0
61.29999923706055,64.4000015258789,60.650001525878906,64.0999984741211,10051093,0.0,0.0,0.0
64.19999694824219,64.69999694824219,63.099998474121094,63.900001525878906,5329573,0.0,0.0,0.0
63.0,63.849998474121094,62.20000076293945,63.0,5959009,0.0,0.0,0.0
63.349998474121094,63.54999923706055,58.70000076293945,59.5,7554516,0.0,0.0,0.0
59.20000076293945,59.5,56.54999923706055,57.45000076293945,7922623,0.0,0.0,0.0
58.04999923706055,58.900001525878906,55.79999923706055,56.45000076293945,6649876,0.0,0.0,0.0
56.20000076293945,57.70000076293945,54.29999923706055,57.20000076293945,7615674,0.0,0.0,0.0
57.54999923706055,58.650001525878906,56.599998474121094,57.29999923706055,5404880,0.0,0.0,0.0
57.150001525878906,57.54999923706055,55.29999923706055,55.849998474121094,5335981,0.0,0.0,0.0
56.29999923706055,56.900001525878906,55.599998474121094,55.95000076293945,3752508,0.0,0.0,0.0
56.25,57.0,55.400001525878906,55.79999923706055,5846017,0.0,0.0,0.0
55.599998474121094,56.0,54.5,54.650001525878906,4528634,0.0,0.0,0.0
54.54999923706055,54.599998474121094,51.150001525878906,51.599998474121094,7032836,0.0,0.0,0.0
52.0,52.400001525878906,48.75,49.349998474121094,10523513,0.0,0.0,0.0
49.5,49.75,46.20000076293945,46.95000076293945,9855999,0.0,0.0,0.0
47.04999923706055,48.849998474121094,45.900001525878906,47.849998474121094,16017113,0.0,0.0,0.0
48.400001525878906,52.0,48.400001525878906,48.900001525878906,17032260,0.0,0.0,0.0
49.29999923706055,50.849998474121094,48.95000076293945,50.5,8701024,0.0,0.0,0.0
50.900001525878906,54.45000076293945,50.20000076293945,54.0,17486844,0.0,0.0,0.0
54.20000076293945,55.900001525878906,53.54999923706055,54.75,11325123,0.0,0.0,0.0
55.0,56.599998474121094,54.79999923706055,55.79999923706055,8276649,0.0,0.0,0.0
56.20000076293945,58.5,56.04999923706055,56.75,11426117,0.0,0.0,0.0
57.099998474121094,57.45000076293945,55.150001525878906,55.599998474121094,8160358,0.0,0.0,0.0
55.400001525878906,58.0,54.79999923706055,57.29999923706055,8520897,0.0,0.0,0.0
57.25,58.25,56.54999923706055,57.099998474121094,6482574,0.0,0.0,0.0
57.400001525878906,58.900001525878906,56.900001525878906,58.20000076293945,9126466,0.0,0.0,0.0
58.20000076293945,58.45000076293945,57.25,57.70000076293945,4957176,0.0,0.0,0.0
57.599998474121094,60.599998474121094,57.5,59.45000076293945,13031693,0.0,0.0,0.0
59.349998474121094,59.349998474121094,56.29999923706055,56.95000076293945,7132196,0.0,0.0,0.0
57.5,65.0,56.900001525878906,63.5,54103208,0.0,0.0,0.0
64.0,68.30000305175781,63.79999923706055,67.80000305175781,36817670,0.0,0.0,0.0
67.0,71.44999694824219,66.5,70.75,24497880,0.0,0.0,0.0
70.5999984741211,72.75,70.0,71.5,16150884,0.0,0.0,0.0
71.5,73.5999984741211,71.25,72.80000305175781,8134188,0.0,0.0,0.0
73.19999694824219,75.80000305175781,72.80000305175781,73.25,8187870,0.0,0.0,0.0
73.25,73.55000305175781,71.0999984741211,71.9000015258789,4443316,0.0,0.0,0.0
71.5999984741211,72.80000305175781,71.25,71.75,3029053,0.0,0.0,0.0
71.5,71.8499984741211,68.0,68.30000305175781,4723708,0.0,0.0,0.0
68.6500015258789,70.4000015258789,68.44999694824219,69.25,2888610,0.0,0.0,0.0
68.94999694824219,68.94999694824219,55.400001525878906,55.400001525878906,39339411,0.0,0.0,0.0
52.599998474121094,58.70000076293945,52.599998474121094,55.5,27915442,0.0,0.0,0.0
56.20000076293945,58.29999923706055,55.599998474121094,57.75,10603062,0.0,0.0,0.0
58.0,58.5,56.349998474121094,56.54999923706055,4078899,0.0,0.0,0.0
56.95000076293945,57.95000076293945,55.0,56.29999923706055,6130752,0.0,0.0,0.0
56.5,57.75,56.5,56.900001525878906,3542440,0.0,0.0,0.0
56.900001525878906,57.79999923706055,55.45000076293945,55.849998474121094,3695072,0.0,0.0,0.0
56.20000076293945,56.599998474121094,53.650001525878906,54.650001525878906,4163504,0.0,0.0,0.0
55.29999923706055,55.45000076293945,54.0,54.900001525878906,2480273,0.0,0.0,0.0
54.75,58.349998474121094,54.54999923706055,57.04999923706055,6854161,0.0,0.0,0.0
57.04999923706055,59.150001525878906,56.95000076293945,57.849998474121094,7621960,0.0,0.0,0.0
57.54999923706055,65.4000015258789,57.29999923706055,62.849998474121094,27222977,0.0,0.0,0.0
63.0,65.5,62.20000076293945,64.8499984741211,14490898,0.0,0.0,0.0
64.94999694824219,68.19999694824219,64.80000305175781,67.55000305175781,16457741,0.0,0.0,0.0
68.1500015258789,68.80000305175781,66.05000305175781,66.94999694824219,8325261,0.0,0.0,0.0
66.9000015258789,68.3499984741211,65.80000305175781,66.44999694824219,6139901,0.0,0.0,0.0
62.5,67.94999694824219,62.5,67.25,14552497,0.0,0.0,0.0
66.80000305175781,69.19999694824219,66.0999984741211,67.1500015258789,8487100,0.0,0.0,0.0
67.5999984741211,70.9000015258789,67.0999984741211,70.5,14344388,0.0,0.0,0.0
70.94999694824219,71.30000305175781,69.4000015258789,69.6500015258789,7656625,0.0,0.0,0.0
69.69999694824219,70.0999984741211,66.5999984741211,67.0,6201693,0.0,0.0,0.0
67.4000015258789,67.8499984741211,66.55000305175781,67.0999984741211,4786056,0.0,0.0,0.0
67.30000305175781,69.0,65.8499984741211,66.0999984741211,5042944,0.0,0.0,0.0
66.4000015258789,66.9000015258789,65.0999984741211,65.4000015258789,3692656,0.0,0.0,0.0
65.75,66.44999694824219,63.95000076293945,64.4000015258789,3610774,0.0,0.0,0.0
64.75,67.69999694824219,64.4000015258789,64.8499984741211,13446192,0.0,0.0,0.0
65.3499984741211,65.75,63.29999923706055,63.45000076293945,8636464,0.0,0.0,0.0
63.79999923706055,64.25,61.650001525878906,61.900001525878906,6346843,0.0,0.0,0.0
62.29999923706055,63.0,61.099998474121094,61.900001525878906,8342076,0.0,0.0,0.0
62.5,62.75,61.150001525878906,61.650001525878906,4187469,0.0,0.0,0.0
61.650001525878906,62.20000076293945,60.25,60.400001525878906,6070475,0.0,0.0,0.0
61.0,63.95000076293945,60.29999923706055,60.54999923706055,11191443,0.0,0.0,0.0
60.95000076293945,61.75,59.54999923706055,60.04999923706055,6008437,0.0,0.0,0.0
60.400001525878906,60.599998474121094,58.650001525878906,59.25,4682460,0.0,0.0,0.0
59.650001525878906,60.04999923706055,58.349998474121094,58.95000076293945,6213615,0.0,0.0,0.0
59.54999923706055,59.599998474121094,58.04999923706055,58.25,7874393,0.0,0.0,0.0
58.599998474121094,60.70000076293945,58.599998474121094,59.400001525878906,8008149,0.0,0.0,0.0
59.70000076293945,61.650001525878906,59.25,60.29999923706055,13350288,0.0,0.0,0.0
60.400001525878906,61.400001525878906,60.29999923706055,60.75,4781708,0.0,0.0,0.0
60.900001525878906,61.29999923706055,59.70000076293945,59.95000076293945,4919562,0.0,0.0,0.0
60.099998474121094,60.849998474121094,59.75,60.04999923706055,5154943,0.0,0.0,0.0
60.20000076293945,63.0,60.150001525878906,62.349998474121094,14184227,0.0,0.0,0.0
62.45000076293945,63.75,61.5,62.75,9748435,0.0,0.0,0.0
63.20000076293945,63.349998474121094,62.0,62.900001525878906,6357206,0.0,0.0,0.0
63.25,64.6500015258789,62.599998474121094,62.95000076293945,9406423,0.0,0.0,0.0
63.04999923706055,63.45000076293945,61.79999923706055,62.79999923706055,5034016,0.0,0.0,0.0
63.0,63.5,61.25,61.650001525878906,4954364,0.0,0.0,0.0
61.900001525878906,62.25,61.0,61.54999923706055,3670510,0.0,0.0,0.0
61.79999923706055,68.80000305175781,61.70000076293945,68.30000305175781,34136532,0.0,0.0,0.0
68.69999694824219,69.4000015258789,66.1500015258789,66.55000305175781,14332682,0.0,0.0,0.0
66.80000305175781,67.25,65.44999694824219,65.69999694824219,7481238,0.0,0.0,0.0
65.9000015258789,68.9000015258789,65.5,67.0999984741211,12798077,0.0,0.0,0.0
66.5,68.0,66.05000305175781,66.55000305175781,7493390,0.0,0.0,0.0
66.69999694824219,69.19999694824219,66.3499984741211,67.05000305175781,7827681,0.0,0.0,0.0
67.30000305175781,67.5999984741211,65.4000015258789,65.8499984741211,4852771,0.0,0.0,0.0
65.80000305175781,66.94999694824219,65.44999694824219,66.5999984741211,6822153,0.0,0.0,0.0
66.8499984741211,68.5999984741211,66.6500015258789,67.5,7296904,0.0,0.0,0.0
67.5,70.69999694824219,67.3499984741211,68.5999984741211,24139160,0.0,0.0,0.0
69.0999984741211,71.05000305175781,68.69999694824219,69.19999694824219,10519586,0.0,0.0,0.0
69.5,69.5999984741211,67.6500015258789,68.5,7699128,0.0,0.0,0.0
68.30000305175781,71.80000305175781,65.80000305175781,67.5,21298565,0.0,0.0,0.0
67.6500015258789,70.0999984741211,66.3499984741211,69.3499984741211,16384653,0.0,0.0,0.0
70.0999984741211,71.44999694824219,68.8499984741211,69.25,14244313,0.0,0.0,0.0
69.5999984741211,70.9000015258789,68.0999984741211,69.44999694824219,8427516,0.0,0.0,0.0
69.94999694824219,70.30000305175781,68.0,68.25,5585819,0.0,0.0,0.0
68.69999694824219,68.75,66.5,67.1500015258789,8438906,0.0,0.0,0.0
67.4000015258789,68.30000305175781,65.6500015258789,66.1500015258789,6773189,0.0,0.0,0.0
65.19999694824219,66.0,63.75,64.1500015258789,8011670,0.0,0.0,0.0
64.0,65.75,62.29999923706055,64.9000015258789,7751233,0.0,0.0,0.0
64.55000305175781,64.55000305175781,63.29999923706055,63.900001525878906,4751625,0.0,0.0,0.0
64.0,65.80000305175781,63.650001525878906,63.900001525878906,6326505,0.0,0.0,0.0
64.1500015258789,64.55000305175781,63.20000076293945,63.400001525878906,4219167,0.0,0.0,0.0
63.70000076293945,65.0999984741211,63.599998474121094,63.79999923706055,4066291,0.0,0.0,0.0
64.0999984741211,64.69999694824219,63.5,63.599998474121094,3936214,0.0,0.0,0.0
63.849998474121094,64.25,62.599998474121094,62.70000076293945,5190828,0.0,0.0,0.0
63.20000076293945,69.80000305175781,63.099998474121094,69.25,46066886,0.0,0.0,0.0
68.44999694824219,72.0,68.05000305175781,71.55000305175781,42095661,0.0,0.0,0.0
72.3499984741211,75.4000015258789,72.0999984741211,74.4000015258789,43323613,0.0,0.0,0.0
74.9000015258789,79.0,74.75,78.4000015258789,40822710,0.0,0.0,0.0
78.9000015258789,81.30000305175781,78.5999984741211,79.9000015258789,23920716,0.0,0.0,0.0
80.25,81.69999694824219,77.94999694824219,79.94999694824219,22532147,0.0,0.0,0.0
80.80000305175781,82.69999694824219,79.30000305175781,81.1500015258789,19042342,0.0,0.0,0.0
81.55000305175781,82.80000305175781,78.9000015258789,79.30000305175781,16442569,0.0,0.0,0.0
79.80000305175781,80.75,77.4000015258789,78.19999694824219,11985046,0.0,0.0,0.0
78.5,84.5,78.30000305175781,83.0,41761855,0.0,0.0,0.0
83.0999984741211,84.80000305175781,82.0,84.0999984741211,15672634,0.0,0.0,0.0
84.3499984741211,84.5,81.80000305175781,82.1500015258789,10353270,0.0,0.0,0.0
82.6500015258789,83.0999984741211,80.44999694824219,82.44999694824219,10593006,0.0,0.0,0.0
82.94999694824219,83.0,72.9000015258789,73.94999694824219,27746755,0.0,0.0,0.0
74.0999984741211,79.19999694824219,73.30000305175781,77.5999984741211,23705771,0.0,0.0,0.0
78.8499984741211,80.8499984741211,78.19999694824219,79.5,15349296,0.0,0.0,0.0
79.80000305175781,80.25,77.69999694824219,78.0999984741211,8858532,0.0,0.0,0.0
77.9000015258789,78.19999694824219,75.94999694824219,76.80000305175781,7755342,0.0,0.0,0.0
76.5,80.80000305175781,75.1500015258789,79.9000015258789,16029343,0.0,0.0,0.0
79.30000305175781,79.5999984741211,76.75,77.25,9271380,0.0,0.0,0.0
77.55000305175781,79.80000305175781,76.05000305175781,78.3499984741211,10832215,0.0,0.0,0.0
78.44999694824219,87.0,78.30000305175781,85.6500015258789,64907027,0.0,0.0,0.0
85.44999694824219,85.44999694824219,82.30000305175781,82.6500015258789,14629413,0.0,0.0,0.0
82.5,86.4000015258789,81.6500015258789,85.25,25439877,0.0,0.0,0.0
85.25,87.30000305175781,83.0,83.80000305175781,22099425,0.0,0.0,0.0
84.30000305175781,84.9000015258789,82.69999694824219,83.25,9938358,0.0,0.0,0.0
82.94999694824219,83.55000305175781,81.5999984741211,82.1500015258789,7588542,0.0,0.0,0.0
82.19999694824219,84.1500015258789,78.0,79.8499984741211,15521589,0.0,0.0,0.0
80.5,82.0,79.80000305175781,80.3499984741211,7232929,0.0,0.0,0.0
80.55000305175781,83.1500015258789,79.5999984741211,82.44999694824219,12182508,0.0,0.0,0.0
80.0,81.0,77.5,77.94999694824219,10411046,0.0,0.0,0.0
78.9000015258789,82.5,78.69999694824219,81.9000015258789,15060982,0.0,0.0,0.0
82.4000015258789,83.69999694824219,81.1500015258789,81.5999984741211,7622448,0.0,0.0,0.0
81.80000305175781,82.0,80.3499984741211,80.69999694824219,6017162,0.0,0.0,0.0
80.0,82.0,79.80000305175781,80.30000305175781,5692988,0.0,0.0,0.0
80.3499984741211,82.6500015258789,80.30000305175781,81.19999694824219,6849036,0.0,0.0,0.0
82.0,82.19999694824219,80.69999694824219,81.05000305175781,4653174,0.0,0.0,0.0
81.25,81.44999694824219,78.0,78.4000015258789,7667978,0.0,0.0,0.0
77.80000305175781,80.75,77.55000305175781,80.3499984741211,7611945,0.0,0.0,0.0
80.30000305175781,82.0,78.6500015258789,79.0999984741211,6969116,0.0,0.0,0.0
79.0999984741211,79.44999694824219,72.0,72.80000305175781,10270641,0.0,0.0,0.0
73.5999984741211,76.9000015258789,70.5,71.94999694824219,7606262,0.0,0.0,0.0
71.94999694824219,72.5,69.0,71.30000305175781,8719329,0.0,0.0,0.0
72.0,74.5,72.0,73.8499984741211,6230956,0.0,0.0,0.0
73.9000015258789,75.4000015258789,72.4000015258789,74.4000015258789,5693258,0.0,0.0,0.0
74.69999694824219,76.5,72.44999694824219,73.19999694824219,8979196,0.0,0.0,0.0
72.0,76.0999984741211,71.75,73.3499984741211,7659331,0.0,0.0,0.0
74.3499984741211,74.9000015258789,73.3499984741211,73.94999694824219,4202157,0.0,0.0,0.0
74.69999694824219,79.4000015258789,74.3499984741211,77.5,24612401,0.0,0.0,0.0
78.05000305175781,78.80000305175781,76.5,77.0999984741211,6369301,0.0,0.0,0.0
77.0,79.4000015258789,75.5,78.80000305175781,13435265,0.0,0.0,0.0
79.0999984741211,81.80000305175781,78.8499984741211,80.0,15476322,0.0,0.0,0.0
80.0,83.94999694824219,79.5999984741211,80.80000305175781,15025786,0.0,0.0,0.0
80.69999694824219,82.0,79.5999984741211,80.5,8069861,0.0,0.0,0.0
80.8499984741211,80.9000015258789,79.3499984741211,80.0999984741211,5979206,0.0,0.0,0.0
80.9000015258789,83.4000015258789,80.8499984741211,81.80000305175781,14737286,0.0,0.0,0.0
82.19999694824219,83.5999984741211,81.25,82.75,10436832,0.0,0.0,0.0
82.75,84.75,82.0,83.05000305175781,14835205,0.0,0.0,0.0
83.0,84.05000305175781,80.19999694824219,80.6500015258789,8783420,0.0,0.0,0.0
81.0999984741211,82.25,80.0,81.05000305175781,7214583,0.0,0.0,0.0
81.05000305175781,81.9000015258789,78.30000305175781,79.5,8015420,0.0,0.0,0.0
80.0,87.69999694824219,79.75,84.25,45414055,0.0,0.0,0.0
83.5,83.9000015258789,81.55000305175781,81.9000015258789,10658950,0.0,0.0,0.0
82.25,82.6500015258789,81.0,81.3499984741211,6696726,0.0,0.0,0.0
81.80000305175781,82.94999694824219,80.19999694824219,81.1500015258789,9286155,0.0,0.0,0.0
81.44999694824219,83.3499984741211,79.6500015258789,82.9000015258789,14851523,0.0,0.0,0.0
83.3499984741211,84.9000015258789,82.0999984741211,82.75,16956653,0.0,0.0,0.0
84.30000305175781,84.94999694824219,83.19999694824219,83.4000015258789,12529184,0.0,0.0,0.0
83.9000015258789,84.75,81.69999694824219,82.0,8593557,0.0,0.0,0.0
82.55000305175781,84.3499984741211,81.0,81.55000305175781,11556827,0.0,0.0,0.0
81.8499984741211,83.44999694824219,81.55000305175781,82.05000305175781,9600736,0.0,0.0,0.0
82.5999984741211,90.80000305175781,82.5,89.9000015258789,86245383,0.0,0.0,0.0
91.0,94.4000015258789,90.4000015258789,91.9000015258789,37677913,0.0,0.0,0.0
92.0,93.3499984741211,88.75,89.3499984741211,22390587,0.0,0.0,0.0
88.4000015258789,88.9000015258789,84.80000305175781,85.19999694824219,26750520,0.0,0.0,0.0
86.5,89.80000305175781,86.4000015258789,87.25,22221675,0.0,0.0,0.0
87.94999694824219,89.5,87.05000305175781,87.5,13040470,0.0,0.0,0.0
88.25,92.5,87.25,91.6500015258789,28691395,0.0,0.0,0.0
92.0,98.80000305175781,90.80000305175781,96.19999694824219,67119695,0.0,0.0,0.0
97.5,97.80000305175781,84.5999984741211,86.30000305175781,35546296,0.0,0.0,0.0
85.69999694824219,90.3499984741211,84.25,89.5,19168715,0.0,0.0,0.0
89.94999694824219,90.94999694824219,87.5999984741211,89.4000015258789,11421221,0.0,0.0,0.0
89.4000015258789,91.5999984741211,89.1500015258789,89.69999694824219,8081073,0.0,0.0,0.0
90.19999694824219,91.75,88.55000305175781,89.4000015258789,8829798,0.0,0.0,0.0
89.8499984741211,89.94999694824219,86.80000305175781,87.75,11343462,0.0,0.0,0.0
88.0999984741211,88.94999694824219,86.55000305175781,87.1500015258789,9576193,0.0,0.0,0.0
87.55000305175781,89.0,87.4000015258789,87.80000305175781,6232515,0.0,0.0,0.0
88.3499984741211,88.5,85.3499984741211,87.4000015258789,7543006,0.0,0.0,0.0
87.4000015258789,90.1500015258789,86.9000015258789,88.4000015258789,11694869,0.0,0.0,0.0
88.8499984741211,96.44999694824219,88.5999984741211,94.3499984741211,46519467,0.0,0.0,0.0
96.0,102.4000015258789,95.19999694824219,97.3499984741211,65267943,0.0,0.0,0.0
97.94999694824219,101.0,97.80000305175781,98.9000015258789,22660906,0.0,0.0,0.0
99.69999694824219,101.5999984741211,98.0999984741211,99.0,16934876,0.0,0.0,0.0
99.0999984741211,104.55000305175781,97.19999694824219,102.25,41891829,0.0,0.0,0.0
103.0,103.69999694824219,99.19999694824219,100.0999984741211,19912722,0.0,0.0,0.0
100.69999694824219,102.19999694824219,99.3499984741211,100.0999984741211,12266908,0.0,0.0,0.0
100.6500015258789,100.75,97.9000015258789,98.69999694824219,8141276,0.0,0.0,0.0
98.5,99.25,93.25,95.25,12192235,0.0,0.0,0.0
93.80000305175781,100.30000305175781,93.4000015258789,96.94999694824219,15904150,0.0,0.0,0.0
97.0,99.5999984741211,92.5999984741211,98.25,20169499,0.0,0.0,0.0
98.9000015258789,99.5,96.6500015258789,98.05000305175781,8742896,0.0,0.0,0.0
102.0,103.69999694824219,93.4000015258789,94.5,21276625,0.0,0.0,0.0
94.1500015258789,99.0999984741211,93.25,98.25,13077228,0.0,0.0,0.0
98.25,103.80000305175781,98.0999984741211,102.25,25472463,0.0,0.0,0.0
102.75,106.6500015258789,98.5999984741211,99.30000305175781,26367896,0.0,0.0,0.0
99.94999694824219,102.69999694824219,98.5999984741211,99.5999984741211,18562166,0.0,0.0,0.0
99.9000015258789,100.55000305175781,97.5,98.0,14386052,0.0,0.0,0.0
98.5,100.19999694824219,98.19999694824219,99.19999694824219,13438748,0.0,0.0,0.0
100.19999694824219,102.19999694824219,99.5,100.69999694824219,16768427,0.0,0.0,0.0
101.1500015258789,108.0,100.80000305175781,103.0999984741211,39366293,0.0,0.0,0.0
103.5,115.69999694824219,103.4000015258789,114.1500015258789,67959146,0.0,0.0,0.0
117.25,119.30000305175781,112.94999694824219,114.19999694824219,39378032,0.0,0.0,0.0
115.3499984741211,123.8499984741211,114.1500015258789,122.19999694824219,51583753,0.0,0.0,0.0
123.69999694824219,126.9000015258789,113.0999984741211,125.3499984741211,62805584,0.0,0.0,0.0
125.4000015258789,125.5,115.19999694824219,117.4000015258789,44162534,0.0,0.0,0.0
115.0,118.0,109.05000305175781,113.0999984741211,24222707,0.0,0.0,0.0
109.55000305175781,121.30000305175781,108.44999694824219,118.69999694824219,32509027,0.0,0.0,0.0
119.69999694824219,122.0,117.0,119.05000305175781,18732905,0.0,0.0,0.0
119.75,121.0999984741211,117.80000305175781,118.6500015258789,13335426,0.0,0.0,0.0
119.4000015258789,123.5,118.4000015258789,118.69999694824219,14110930,0.0,0.0,0.0
119.30000305175781,121.8499984741211,119.0,120.9000015258789,12335287,0.0,0.0,0.0
121.5,124.0,116.8499984741211,118.3499984741211,25005339,0.0,0.0,0.0
118.80000305175781,120.4000015258789,114.4000015258789,119.75,13636566,0.0,0.0,0.0
120.25,127.0,119.30000305175781,124.0999984741211,35207362,0.0,0.0,0.0
124.55000305175781,128.64999389648438,123.44999694824219,124.6500015258789,18815359,0.0,0.0,0.0
124.94999694824219,125.0,119.69999694824219,120.25,11484846,0.0,0.0,0.0
120.0,120.0,112.5,113.69999694824219,14102133,0.0,0.0,0.0
112.0999984741211,120.69999694824219,111.55000305175781,119.44999694824219,19943762,0.0,0.0,0.0
119.69999694824219,121.55000305175781,117.19999694824219,120.19999694824219,13844844,0.0,0.0,0.0
122.0,124.5999984741211,120.9000015258789,122.25,15644657,0.0,0.0,0.0
122.25,122.75,117.0999984741211,117.80000305175781,15187536,0.0,0.0,0.0
107.94999694824219,114.5,102.69999694824219,106.5,40911516,0.0,0.0,0.0
107.25,115.9000015258789,105.3499984741211,114.30000305175781,24241883,0.0,0.0,0.0
114.44999694824219,116.75,108.5999984741211,110.1500015258789,12586636,0.0,0.0,0.0
110.1500015258789,114.0,105.4000015258789,109.80000305175781,20304965,0.0,0.0,0.0
109.55000305175781,112.5,96.0999984741211,99.19999694824219,27816301,0.0,0.0,0.0
99.80000305175781,107.8499984741211,98.05000305175781,106.1500015258789,21746600,0.0,0.0,0.0
106.05000305175781,117.80000305175781,105.25,116.80000305175781,39274993,0.0,0.0,0.0
117.69999694824219,121.80000305175781,116.5,120.55000305175781,21907335,0.0,0.0,0.0
120.80000305175781,121.69999694824219,107.25,108.30000305175781,43234587,0.0,0.0,0.0
110.0,112.4000015258789,107.5,110.25,19199000,0.0,0.0,0.0
112.0,112.80000305175781,109.4000015258789,110.25,13057443,0.0,0.0,0.0
110.1500015258789,118.75,109.80000305175781,112.94999694824219,25527283,0.0,0.0,0.0
112.9000015258789,117.19999694824219,110.5,114.0999984741211,17873306,0.0,0.0,0.0
114.4000015258789,116.9000015258789,113.5,114.75,16196878,0.0,0.0,0.0
115.3499984741211,119.0999984741211,115.19999694824219,115.94999694824219,16603082,0.0,0.0,0.0
116.5999984741211,119.94999694824219,116.5999984741211,117.9000015258789,13875896,0.0,0.0,0.0
118.5,128.39999389648438,118.0999984741211,126.69999694824219,34214812,0.0,0.0,0.0
127.94999694824219,131.3000030517578,127.0999984741211,128.14999389648438,25739022,0.0,0.0,0.0
129.0,136.5500030517578,129.0,135.5500030517578,46094632,0.0,0.0,0.0
135.5500030517578,139.25,131.5,137.4499969482422,28682446,0.0,0.0,0.0
142.0,144.3000030517578,134.0,138.5500030517578,53191899,0.0,0.0,0.0
139.39999389648438,145.39999389648438,138.39999389648438,142.4499969482422,31511630,0.0,0.0,0.0
143.4499969482422,145.6999969482422,142.5500030517578,143.39999389648438,17700931,0.0,0.0,0.0
143.39999389648438,143.64999389648438,135.6999969482422,136.4499969482422,20004915,0.0,0.0,0.0
133.89999389648438,135.39999389648438,129.35000610351562,131.39999389648438,16933048,0.0,0.0,0.0
129.6999969482422,135.8000030517578,129.14999389648438,134.10000610351562,15411784,0.0,0.0,0.0
135.60000610351562,138.1999969482422,134.0,134.3000030517578,11725559,0.0,0.0,0.0
130.10000610351562,133.85000610351562,128.60000610351562,131.4499969482422,16498619,0.0,0.0,0.0
134.0,135.6999969482422,132.25,134.1999969482422,10470886,0.0,0.0,0.0
135.0,144.6999969482422,135.0,143.4499969482422,28508102,0.0,0.0,0.0
144.89999389648438,145.10000610351562,138.1999969482422,139.4499969482422,15897420,0.0,0.0,0.0
139.5,141.10000610351562,136.10000610351562,137.60000610351562,10165355,0.0,0.0,0.0
138.3000030517578,139.4499969482422,135.5500030517578,136.25,7408934,0.0,0.0,0.0
132.5500030517578,135.14999389648438,131.14999389648438,133.25,14334698,0.0,0.0,0.0
134.5,137.60000610351562,131.8000030517578,132.60000610351562,8440727,0.0,0.0,0.0
134.0,134.4499969482422,129.5,129.9499969482422,8928655,0.0,0.0,0.0
130.6999969482422,132.8000030517578,124.1500015258789,127.69999694824219,15907099,0.0,0.0,0.0
128.10000610351562,128.75,119.0,119.75,23623004,0.0,0.0,0.0
120.5,124.3499984741211,118.0,119.55000305175781,18328166,0.0,0.0,0.0
119.9000015258789,123.8499984741211,117.19999694824219,121.5,11545834,0.0,0.0,0.0
121.5,123.4000015258789,117.5999984741211,118.30000305175781,9730606,0.0,0.0,0.0
119.5,122.3499984741211,114.0999984741211,121.55000305175781,13095294,0.0,0.0,0.0
121.1500015258789,121.44999694824219,116.0,117.55000305175781,12352638,0.0,0.0,0.0
118.6500015258789,120.4000015258789,117.6500015258789,118.44999694824219,10569853,0.0,0.0,0.0
118.69999694824219,122.0,118.44999694824219,119.19999694824219,12732639,0.0,0.0,0.0
120.4000015258789,122.25,119.1500015258789,120.5,9683121,0.0,0.0,0.0
121.0,125.9000015258789,120.6500015258789,124.75,13558303,0.0,0.0,0.0
127.5,130.8000030517578,125.69999694824219,128.5500030517578,10498225,0.0,0.0,0.0
130.10000610351562,134.3000030517578,129.0,133.39999389648438,21831867,0.0,0.0,0.0
135.14999389648438,141.8000030517578,135.14999389648438,137.0,30108239,0.0,0.0,0.0
137.89999389648438,141.39999389648438,136.64999389648438,138.6999969482422,14196268,0.0,0.0,0.0
140.0,143.4499969482422,137.0,137.6999969482422,18049069,0.0,0.0,0.0
138.5,138.5,131.14999389648438,131.85000610351562,16337937,0.0,0.0,0.0
131.5,135.10000610351562,129.3000030517578,134.39999389648438,11000739,0.0,0.0,0.0
134.39999389648438,134.85000610351562,131.4499969482422,132.14999389648438,8349894,0.0,0.0,0.0
132.64999389648438,134.60000610351562,130.3000030517578,133.3000030517578,9960524,0.0,0.0,0.0
140.0,140.0,135.0500030517578,135.8000030517578,13057210,0.0,0.0,0.0
136.0,136.0,109.0,116.80000305175781,28952000,0.0,0.0,0.0
119.0,127.3499984741211,113.5999984741211,126.80000305175781,13192633,0.0,0.0,0.0
127.75,133.35000610351562,127.5,130.75,9895545,0.0,0.0,0.0
131.0,133.3000030517578,129.64999389648438,132.5500030517578,8419900,0.0,0.0,0.0
133.25,135.0,133.00999450683594,134.07000732421875,8643896,0.0,0.0,0.0
134.91000366210938,136.1999969482422,134.1999969482422,135.25,9492343,0.0,0.0,0.0
135.9499969482422,137.6999969482422,134.60000610351562,136.38999938964844,8881168,0.0,0.0,0.0
137.19000244140625,139.14999389648438,135.75,136.4600067138672,8393790,0.0,0.0,0.0
137.0500030517578,140.5,134.4199981689453,138.82000732421875,14784058,0.0,0.0,0.0
139.64999389648438,140.60000610351562,136.72000122070312,137.4199981689453,9385097,0.0,0.0,0.0
138.0,138.10000610351562,133.5,136.9199981689453,9832078,0.0,0.0,0.0
136.97000122070312,161.0,136.25999450683594,154.92999267578125,87811190,0.0,0.0,0.0
156.6999969482422,162.9199981689453,154.2100067138672,156.41000366210938,31686544,0.0,0.0,0.0
155.0,164.36000061035156,153.10000610351562,160.35000610351562,30243945,0.0,0.0,0.0
160.50999450683594,161.02999877929688,152.1999969482422,153.9499969482422,15138775,0.0,0.0,0.0
153.99000549316406,157.5,153.10000610351562,154.25999450683594,11192784,0.0,0.0,0.0
153.66000366210938,153.99000549316406,143.22999572753906,144.57000732421875,26756893,0.0,0.0,0.0
143.0,147.75,142.22000122070312,145.05999755859375,19361504,0.0,0.0,0.0
145.4499969482422,150.75,143.64999389648438,148.9199981689453,13174894,0.0,0.0,0.0
149.4600067138672,155.0,148.1999969482422,152.8300018310547,20117906,0.0,0.0,0.0
154.10000610351562,157.8000030517578,150.80999755859375,151.25999450683594,12846919,0.0,0.0,0.0
152.5,153.39999389648438,148.52000427246094,148.97999572753906,8940760,0.0,0.0,0.0
149.19000244140625,153.0,148.60000610351562,150.35000610351562,9300816,0.0,0.0,0.0
150.75,151.72000122070312,145.88999938964844,147.49000549316406,5152855,0.0,0.0,0.0
147.7100067138672,148.39999389648438,145.0,146.9600067138672,4149111,0.0,0.0,0.0
146.99000549316406,147.0,136.8000030517578,141.36000061035156,7966993,0.0,0.0,0.0
142.0,144.14999389648438,141.10000610351562,141.55999755859375,4252082,0.0,0.0,0.0
142.08999633789062,142.35000610351562,137.50999450683594,138.47000122070312,6508198,0.0,0.0,0.0
139.14999389648438,141.74000549316406,135.60000610351562,140.0399932861328,6581656,0.0,0.0,0.0
140.97999572753906,143.10000610351562,137.00999450683594,138.0500030517578,5093784,0.0,0.0,0.0
138.10000610351562,138.1999969482422,134.2100067138672,134.72000122070312,4476651,0.0,0.0,0.0
134.5,134.99000549316406,129.1999969482422,130.9199981689453,5496042,0.0,0.0,0.0
129.5,134.77000427246094,127.80000305175781,130.97999572753906,5931548,0.0,0.0,0.0
131.88999938964844,132.60000610351562,123.05000305175781,131.5500030517578,5747902,0.0,0.0,0.0
132.35000610351562,138.49000549316406,132.0,136.33999633789062,6862795,0.0,0.0,0.0
134.49000549316406,138.61000061035156,134.0,135.11000061035156,3944364,0.0,0.0,0.0
135.0,141.25,134.8000030517578,139.0,5067298,0.0,0.0,0.0
139.75,142.5,135.47999572753906,136.3000030517578,4192315,0.0,0.0,0.0
136.5,138.25,135.0,135.92999267578125,3811535,0.0,0.0,0.0
136.17999267578125,140.8000030517578,134.80999755859375,135.85000610351562,6309653,0.0,0.0,0.0
136.5500030517578,137.1999969482422,132.50999450683594,134.02999877929688,3919184,0.0,0.0,0.0
132.0,133.69000244140625,130.35000610351562,132.5399932861328,4626513,0.0,0.0,0.0
128.0500030517578,129.22000122070312,122.25,124.8499984741211,7282874,0.0,0.0,0.0
126.33999633789062,132.7899932861328,126.33999633789062,129.24000549316406,7875045,0.0,0.0,0.0
133.8000030517578,134.39999389648438,124.30000305175781,126.31999969482422,7882361,0.0,0.0,0.0
126.80000305175781,128.39999389648438,123.5,124.0199966430664,3983790,0.0,0.0,0.0
126.04000091552734,127.08000183105469,122.0,122.95999908447266,3616476,0.0,0.0,0.0
122.95999908447266,131.10000610351562,120.5,129.74000549316406,8290431,0.0,0.0,0.0
131.0,134.5,130.52000427246094,132.27000427246094,7434546,0.0,0.0,0.0
131.89999389648438,132.3800048828125,126.79000091552734,129.39999389648438,4007898,0.0,0.0,0.0
131.99000549316406,133.86000061035156,128.50999450683594,129.77999877929688,4488978,0.0,0.0,0.0
130.1999969482422,131.49000549316406,129.3000030517578,129.89999389648438,2798773,0.0,0.0,0.0
130.75,133.60000610351562,130.6999969482422,131.57000732421875,3514518,0.0,0.0,0.0
131.75,132.19000244140625,130.3000030517578,131.02000427246094,3106362,0.0,0.0,0.0
131.58999633789062,143.33999633789062,131.5,142.1699981689453,16264350,0.0,0.0,0.0
142.5,145.74000549316406,138.5500030517578,139.72999572753906,10466630,0.0,0.0,0.0
139.0500030517578,142.49000549316406,137.6199951171875,138.3300018310547,4954474,0.0,0.0,0.0
138.32000732421875,150.99000549316406,137.0,148.89999389648438,23116368,0.0,0.0,0.0
148.89999389648438,150.39999389648438,138.11000061035156,138.6300048828125,13040415,0.0,0.0,0.0
138.9199981689453,139.39999389648438,133.10000610351562,135.0399932861328,6881844,0.0,0.0,0.0
135.60000610351562,136.89999389648438,131.89999389648438,132.75999450683594,5023314,0.0,0.0,0.0
133.25,134.19000244140625,130.10000610351562,130.44000244140625,4501409,0.0,0.0,0.0
131.0,134.10000610351562,131.0,132.52000427246094,3706751,0.0,0.0,0.0
131.1999969482422,136.2899932861328,130.39999389648438,131.3800048828125,6635716,0.0,0.0,0.0
132.3699951171875,134.1999969482422,132.10000610351562,132.7899932861328,3634480,0.0,0.0,0.0
133.10000610351562,133.4499969482422,127.20999908447266,128.25999450683594,5942816,0.0,0.0,0.0
128.25,128.86000061035156,124.86000061035156,127.7300033569336,4057618,0.0,0.0,0.0
128.3000030517578,130.6999969482422,128.3000030517578,129.66000366210938,3843136,0.0,0.0,0.0
130.0,130.39999389648438,125.0999984741211,125.72000122070312,4761065,0.0,0.0,0.0
126.41000366210938,129.41000366210938,124.83999633789062,128.8800048828125,4451131,0.0,0.0,0.0
129.35000610351562,133.49000549316406,128.6999969482422,129.6199951171875,4962525,0.0,0.0,0.0
130.25,130.8000030517578,127.68000030517578,128.24000549316406,2253817,0.0,0.0,0.0
128.6999969482422,129.63999938964844,126.05000305175781,126.3499984741211,2762727,0.0,0.0,0.0
126.69999694824219,128.50999450683594,124.5999984741211,125.12000274658203,4114107,0.0,0.0,0.0
125.9000015258789,126.73999786376953,118.0999984741211,120.44000244140625,8818872,0.0,0.0,0.0
121.0,127.6500015258789,121.0,125.63999938964844,11589654,0.0,0.0,0.0
125.69999694824219,127.83000183105469,124.0999984741211,125.3499984741211,5385980,0.0,0.0,0.0
125.75,128.39999389648438,125.12000274658203,126.16999816894531,3526416,0.0,0.0,0.0
126.19999694824219,131.3000030517578,126.08000183105469,129.63999938964844,6153370,0.0,0.0,0.0
129.6999969482422,129.88999938964844,126.58999633789062,127.2300033569336,3156571,0.0,0.0,0.0
127.0999984741211,135.0,125.4000015258789,128.02999877929688,16803730,0.0,0.0,0.0
127.0999984741211,128.75999450683594,125.5,127.25,4097468,0.0,0.0,0.0
127.44999694824219,128.85000610351562,125.80000305175781,126.51000213623047,3075691,0.0,0.0,0.0
124.79000091552734,126.02999877929688,122.5999984741211,123.6500015258789,3871684,0.0,0.0,0.0
124.05000305175781,125.5,120.05000305175781,122.83999633789062,4620924,0.0,0.0,0.0
123.3499984741211,124.55999755859375,117.19999694824219,119.4000015258789,5611962,0.0,0.0,0.0
118.8499984741211,123.0,117.1500015258789,120.97000122070312,4487745,0.0,0.0,0.0
122.25,125.25,120.5,121.01000213623047,4522712,0.0,0.0,0.0
122.0,123.16999816894531,121.0999984741211,121.7699966430664,2525139,0.0,0.0,0.0
122.3499984741211,131.39999389648438,120.69999694824219,129.3800048828125,11430395,0.0,0.0,0.0
130.5,130.8800048828125,127.5,128.80999755859375,4206756,0.0,0.0,0.0
129.13999938964844,131.8000030517578,126.30000305175781,129.8300018310547,6626338,0.0,0.0,0.0
129.8300018310547,133.5,129.8300018310547,131.61000061035156,5600285,0.0,0.0,0.0
131.99000549316406,132.32000732421875,128.0,128.77999877929688,3484139,0.0,0.0,0.0
128.22000122070312,134.3000030517578,126.01000213623047,132.4199981689453,7954189,0.0,0.0,0.0
133.0,135.17999267578125,128.8000030517578,129.82000732421875,5754295,0.0,0.0,0.0
130.6999969482422,133.39999389648438,113.0,113.93000030517578,18222019,0.0,0.0,0.0
114.0,120.63999938964844,112.75,118.38999938964844,7738596,0.0,0.0,0.0
120.0,120.5,113.55000305175781,114.63999938964844,7367614,0.0,0.0,0.0
115.0,115.8499984741211,106.19999694824219,107.6500015258789,8443576,0.0,0.0,0.0
108.5,109.7699966430664,106.0,106.52999877929688,7201642,0.0,0.0,0.0
107.25,109.7699966430664,105.70999908447266,107.19000244140625,4515258,0.0,0.0,0.0
107.80000305175781,109.91999816894531,107.13999938964844,108.13999938964844,5564351,0.0,0.0,0.0
108.73999786376953,112.51000213623047,107.76000213623047,110.33999633789062,5408448,0.0,0.0,0.0
111.0,112.0,110.41999816894531,111.12000274658203,1086976,0.0,0.0,0.0
111.25,111.48999786376953,105.41000366210938,106.30999755859375,5747457,0.0,0.0,0.0
106.80000305175781,109.38999938964844,105.22000122070312,108.7300033569336,6523979,0.0,0.0,0.0
109.5999984741211,119.19999694824219,109.20999908447266,118.05000305175781,11687018,0.0,0.0,0.0
118.4000015258789,123.94999694824219,117.13999938964844,122.8499984741211,10139534,0.0,0.0,0.0
122.0,123.5999984741211,119.20999908447266,120.91999816894531,4802519,0.0,0.0,0.0
120.38999938964844,122.66999816894531,117.0,122.01000213623047,6643495,0.0,0.0,0.0
122.5,125.48999786376953,120.1500015258789,121.26000213623047,6492292,0.0,0.0,0.0
120.0,120.33999633789062,113.5,114.69999694824219,7586879,0.0,0.0,0.0
115.94999694824219,120.0,115.41000366210938,117.95999908447266,5189306,0.0,0.0,0.0
118.4000015258789,122.73999786376953,118.0199966430664,121.25,6214908,0.0,0.0,0.0
122.69999694824219,125.22000122070312,119.0,120.61000061035156,3882748,0.0,0.0,0.0
120.48999786376953,120.48999786376953,116.5,117.94999694824219,3743298,0.0,0.0,0.0
119.30999755859375,119.8499984741211,117.48999786376953,118.30000305175781,2680773,0.0,0.0,0.0
120.6500015258789,123.4000015258789,119.5,122.06999969482422,4936350,0.0,0.0,0.0
122.25,132.8000030517578,122.19999694824219,129.75999450683594,11898788,0.0,0.0,0.0
131.0,136.5,130.35000610351562,136.1300048828125,10024786,0.0,0.0,0.0
136.5,137.39999389648438,133.4499969482422,135.0399932861328,6168245,0.0,0.0,0.0
135.60000610351562,139.3000030517578,133.11000061035156,136.9499969482422,5500986,0.0,0.0,0.0
136.9499969482422,139.58999633789062,135.1999969482422,136.30999755859375,4463632,0.0,0.0,0.0
137.0,139.60000610351562,136.30999755859375,136.72000122070312,3609291,0.0,0.0,0.0
137.0,140.8000030517578,135.75,138.10000610351562,6092932,0.0,0.0,0.0
138.60000610351562,139.1999969482422,136.39999389648438,137.07000732421875,3445658,0.0,0.0,0.0
137.10000610351562,137.3000030517578,130.11000061035156,131.1199951171875,6977642,0.0,0.0,0.0
130.2899932861328,135.89999389648438,129.67999267578125,130.63999938964844,6233483,0.0,0.0,0.0
131.25,135.61000061035156,127.83000183105469,132.8800048828125,9170133,0.0,0.0,0.0
132.1999969482422,135.0,129.33999633789062,133.33999633789062,9332477,0.0,0.0,0.0
134.6999969482422,134.75,129.00999450683594,129.99000549316406,4146574,0.0,0.0,0.0
129.14999389648438,129.4199981689453,125.19999694824219,128.44000244140625,4778784,0.0,0.0,0.0
128.8000030517578,132.6999969482422,128.5500030517578,131.57000732421875,4504011,0.0,0.0,0.0
131.41000366210938,136.6999969482422,130.8699951171875,131.4199981689453,8133359,0.0,0.0,0.0
131.94000244140625,133.3000030517578,129.58999633789062,130.72000122070312,4474514,0.0,0.0,0.0
128.10000610351562,128.99000549316406,127.0,127.44999694824219,3339183,0.0,0.0,0.0
127.45999908447266,128.88999938964844,118.76000213623047,120.11000061035156,5627469,0.0,0.0,0.0
121.5999984741211,122.44999694824219,117.0,117.58000183105469,3961292,0.0,0.0,0.0
118.0,119.4000015258789,116.5,116.94000244140625,2525863,0.0,0.0,0.0
117.44999694824219,119.33999633789062,116.0,116.91999816894531,3276528,0.0,0.0,0.0
117.44999694824219,118.94000244140625,116.0,116.33000183105469,2486254,0.0,0.0,0.0
116.38999938964844,118.13999938964844,115.19999694824219,116.05000305175781,3205563,0.0,0.0,0.0
116.0,116.52999877929688,114.4000015258789,115.87000274658203,2253270,0.0,0.0,0.0
116.0999984741211,124.4000015258789,116.0,123.69000244140625,7065255,0.0,0.0,0.0
124.0,124.75,122.19999694824219,123.77999877929688,3161864,0.0,0.0,0.0
123.66999816894531,131.75,123.51000213623047,130.1999969482422,8157746,0.0,0.0,0.0
130.1999969482422,131.38999938964844,118.6500015258789,119.6500015258789,6917631,0.0,0.0,0.0
123.5999984741211,143.5800018310547,123.5999984741211,143.5800018310547,37366245,0.0,0.0,0.0
154.39999389648438,154.6999969482422,142.35000610351562,143.33999633789062,46488285,0.0,0.0,0.0
142.99000549316406,143.5,134.39999389648438,135.19000244140625,9275587,0.0,0.0,0.0
137.0,140.94000244140625,131.33999633789062,132.1699981689453,14684583,0.0,0.0,0.0
134.8000030517578,137.39999389648438,125.5199966430664,126.91999816894531,14958024,0.0,0.0,0.0
128.99000549316406,132.77999877929688,125.73999786376953,129.3300018310547,6465671,0.0,0.0,0.0
129.5,132.5,124.9800033569336,126.9000015258789,6626854,0.0,0.0,0.0
129.6999969482422,132.5,127.5,128.0,5340942,0.0,0.0,0.0
127.4000015258789,143.44000244140625,126.80000305175781,142.3699951171875,20050358,0.0,0.0,0.0
141.1999969482422,160.0,141.0,154.83999633789062,33284595,0.0,0.0,0.0
153.10000610351562,163.69000244140625,153.08999633789062,156.00999450683594,26655124,0.0,0.0,0.0
157.10000610351562,159.0,147.1999969482422,149.94000244140625,21289095,0.0,0.0,0.0
149.25,153.1999969482422,146.6300048828125,150.9600067138672,13783869,0.0,0.0,0.0
150.0,151.22000122070312,145.35000610351562,146.85000610351562,7210364,0.0,0.0,0.0
147.89999389648438,147.89999389648438,136.5,139.16000366210938,10095987,0.0,0.0,0.0
141.0,143.0399932861328,133.44000244140625,136.8000030517578,10507279,0.0,0.0,0.0
137.49000549316406,147.5,137.33999633789062,142.35000610351562,7887686,0.0,0.0,0.0
142.10000610351562,148.8000030517578,139.55999755859375,145.85000610351562,8042384,0.0,0.0,0.0
149.99000549316406,150.8000030517578,144.52000427246094,145.69000244140625,6567345,0.0,0.0,0.0
145.9199981689453,151.89999389648438,141.75,147.07000732421875,8811485,0.0,0.0,0.0
144.97999572753906,147.63999938964844,142.10000610351562,143.77000427246094,4067920,0.0,0.0,0.0
145.10000610351562,152.8000030517578,145.10000610351562,150.8800048828125,10814842,0.0,0.0,0.0
152.5,155.7899932861328,148.52000427246094,150.60000610351562,8398750,0.0,0.0,0.0
151.10000610351562,156.89999389648438,151.00999450683594,153.67999267578125,7454398,0.0,0.0,0.0
154.0,154.99000549316406,147.1999969482422,149.39999389648438,5932557,0.0,0.0,0.0
149.0,149.35000610351562,143.1999969482422,144.11000061035156,4926818,0.0,0.0,0.0
143.97999572753906,144.2899932861328,134.00999450683594,135.77999877929688,5986759,0.0,0.0,0.0
135.14999389648438,137.17999267578125,128.6999969482422,134.8800048828125,6233972,0.0,0.0,0.0
134.5500030517578,143.89999389648438,134.5,137.77999877929688,7662904,0.0,0.0,0.0
139.10000610351562,139.97000122070312,129.08999633789062,133.6300048828125,8025269,0.0,0.0,0.0
132.00999450683594,134.22999572753906,128.3000030517578,130.72999572753906,7045990,0.0,0.0,0.0
131.0800018310547,132.3800048828125,124.55000305175781,127.75,8908237,0.0,0.0,0.0
126.9800033569336,135.39999389648438,125.5999984741211,133.72999572753906,4977229,0.0,0.0,0.0
133.25999450683594,136.6999969482422,132.5,133.10000610351562,4829813,0.0,0.0,0.0
133.60000610351562,137.89999389648438,131.11000061035156,131.6199951171875,4204690,0.0,0.0,0.0
129.99000549316406,134.6999969482422,128.75,133.0399932861328,3739297,0.0,0.0,0.0
133.0,134.35000610351562,126.3499984741211,127.52999877929688,3828533,0.0,0.0,0.0
128.0,128.25,117.0,117.9000015258789,7590600,0.0,0.0,0.0
116.61000061035156,118.81999969482422,113.3499984741211,114.88999938964844,9774376,0.0,0.0,0.0
115.44999694824219,117.79000091552734,107.1500015258789,110.55999755859375,8593953,0.0,0.0,0.0
110.0999984741211,116.9000015258789,108.9000015258789,115.2300033569336,6741422,0.0,0.0,0.0
115.77999877929688,119.25,115.77999877929688,117.8499984741211,6473108,0.0,0.0,0.0
119.0,122.33999633789062,116.55999755859375,117.30999755859375,5472672,0.0,0.0,0.0
118.0,121.7699966430664,117.04000091552734,120.52999877929688,4518645,0.0,0.0,0.0
120.1500015258789,123.0,112.0999984741211,113.16000366210938,4656662,0.0,0.0,0.0
111.0,116.2699966430664,109.56999969482422,114.37999725341797,5518756,0.0,0.0,0.0
115.5999984741211,116.47000122070312,109.76000213623047,111.19999694824219,4416490,0.0,0.0,0.0
111.69999694824219,112.73999786376953,108.9800033569336,109.37000274658203,3673788,0.0,0.0,0.0
